timestamp,symbol,ltp,signal
2025-07-09 17:16:56,ADANIENSOL-EQ,890.15,
2025-07-09 17:16:56,OFSS-EQ,8938.5,
2025-07-09 17:16:56,DIVISLAB-EQ,6983.5,
2025-07-09 17:16:56,MARUTI-EQ,12470.0,
2025-07-09 17:16:56,UPL-EQ,664.75,
2025-07-09 17:16:56,UNIONBANK-EQ,144.59,
2025-07-09 17:16:56,PETRONET-EQ,305.6,
2025-07-09 17:16:56,TCS-EQ,3383.8,
2025-07-09 17:16:56,INDIGO-EQ,5852.0,
2025-07-09 17:16:56,ALKEM-EQ,4805.4,
2025-07-09 17:16:56,BHARTIARTL-EQ,2019.7,
2025-07-09 17:16:56,CANBK-EQ,113.96,
2025-07-09 17:16:56,ULTRACEMCO-EQ,12562.0,
2025-07-09 17:16:56,COFORGE-EQ,1931.3,
2025-07-09 17:16:56,NTPC-EQ,344.0,
2025-07-09 17:16:56,HDFCBANK-EQ,2011.2,
2025-07-09 17:16:56,SOLARINDS-EQ,16502.0,
2025-07-09 17:16:56,HINDPETRO-EQ,445.45,
2025-07-09 17:16:56,POWERGRID-EQ,299.65,
2025-07-09 17:16:56,IRB-EQ,48.52,
2025-07-09 17:16:56,NMDC-EQ,67.9,
2025-07-09 17:16:56,INFY-EQ,1633.7,
2025-07-09 17:16:56,BAJAJ-AUTO-EQ,8361.0,
2025-07-09 17:16:56,VBL-EQ,465.75,
2025-07-09 17:16:56,KOTAKBANK-EQ,2229.3,
2025-07-09 17:16:56,MRF-EQ,150715.0,
2025-07-09 17:16:56,FEDERALBNK-EQ,213.89,
2025-07-09 17:16:56,UNITDSPR-EQ,1370.9,
2025-07-09 17:16:56,IGL-EQ,222.23,
2025-07-09 17:16:56,HINDZINC-EQ,425.0,
2025-07-09 17:16:56,PFC-EQ,417.75,
2025-07-09 17:16:56,AMBUJACEM-EQ,590.35,
2025-07-09 17:16:56,INDHOTEL-EQ,750.15,
2025-07-09 17:16:56,LTF-EQ,209.1,
2025-07-09 17:16:56,HYUNDAI-EQ,2091.0,
2025-07-09 17:16:56,PIDILITIND-EQ,3048.3,
2025-07-09 17:16:56,BSE-EQ,2523.8,
2025-07-09 17:16:56,PRESTIGE-EQ,1650.0,
2025-07-09 17:16:56,ACC-EQ,1990.6,
2025-07-09 17:16:56,PIIND-EQ,4168.4,
2025-07-09 17:16:56,OLAELEC-EQ,40.38,
2025-07-09 17:16:56,ADANIENT-EQ,2583.0,
2025-07-09 17:16:56,BAJAJHFL-EQ,121.33,
2025-07-09 17:16:56,APLAPOLLO-EQ,1708.3,
2025-07-09 17:16:56,BIOCON-EQ,373.55,
2025-07-09 17:16:56,JSWSTEEL-EQ,1040.4,
2025-07-09 17:16:56,IRCTC-EQ,786.05,
2025-07-09 17:16:56,GRASIM-EQ,2797.9,
2025-07-09 17:16:56,IDEA-EQ,7.26,
2025-07-09 17:16:56,PHOENIXLTD-EQ,1518.7,
2025-07-09 17:16:56,NHPC-EQ,88.29,
2025-07-09 17:16:56,GODREJCP-EQ,1293.8,
2025-07-09 17:16:56,GODREJPROP-EQ,2255.1,
2025-07-09 17:16:56,PNB-EQ,111.0,
2025-07-09 17:16:56,IDFCFIRSTB-EQ,77.45,
2025-07-09 17:16:56,HEROMOTOCO-EQ,4333.1,
2025-07-09 17:16:56,YESBANK-EQ,19.91,
2025-07-09 17:16:56,NAUKRI-EQ,1447.1,
2025-07-09 17:16:56,TORNTPOWER-EQ,1427.0,
2025-07-09 17:16:56,ASTRAL-EQ,1492.6,
2025-07-09 17:16:56,RECLTD-EQ,391.55,
2025-07-09 17:16:56,MANKIND-EQ,2526.6,
2025-07-09 17:16:56,PATANJALI-EQ,1660.6,
2025-07-09 17:16:56,ADANIPOWER-EQ,602.15,
2025-07-09 17:16:56,OIL-EQ,445.4,
2025-07-09 17:16:56,JUBLFOOD-EQ,682.95,
2025-07-09 17:16:56,PERSISTENT-EQ,5724.0,
2025-07-09 17:16:56,AUBANK-EQ,825.75,
2025-07-09 17:16:56,MAXHEALTH-EQ,1247.4,
2025-07-09 17:16:56,BANDHANBNK-EQ,178.02,
2025-07-09 17:16:56,TRENT-EQ,5408.0,
2025-07-09 17:16:56,DMART-EQ,4190.9,
2025-07-09 17:16:56,OBEROIRLTY-EQ,1831.1,
2025-07-09 17:16:56,MFSL-EQ,1563.7,
2025-07-09 17:16:56,MAHABANK-EQ,57.12,
2025-07-09 17:16:56,ABB-EQ,5898.0,
2025-07-09 17:16:56,MUTHOOTFIN-EQ,2645.6,
2025-07-09 17:16:56,LUPIN-EQ,1914.2,
2025-07-09 17:16:56,LT-EQ,3579.7,
2025-07-09 17:16:56,SUZLON-EQ,65.94,
2025-07-09 17:16:56,ONGC-EQ,243.35,
2025-07-09 17:16:56,GMRAIRPORT-EQ,92.8,
2025-07-09 17:16:56,HINDALCO-EQ,673.95,
2025-07-09 17:16:56,APOLLOHOSP-EQ,7469.0,
2025-07-09 17:16:56,ITC-EQ,419.45,
2025-07-09 17:16:56,SJVN-EQ,98.3,
2025-07-09 17:16:56,CUMMINSIND-EQ,3523.9,
2025-07-09 17:16:56,M&M-EQ,3176.3,
2025-07-09 17:16:56,TATATECH-EQ,703.95,
2025-07-09 17:16:56,WIPRO-EQ,267.8,
2025-07-09 17:16:56,HDFCAMC-EQ,5141.0,
2025-07-09 17:16:56,ICICIBANK-EQ,1431.9,
2025-07-09 17:16:56,BRITANNIA-EQ,5882.0,
2025-07-09 17:16:56,HUDCO-EQ,229.96,
2025-07-09 17:16:56,NYKAA-EQ,213.37,
2025-07-09 17:16:56,ICICIGI-EQ,2020.2,
2025-07-09 17:16:56,BOSCHLTD-EQ,35800.0,
2025-07-09 17:16:56,ABFRL-EQ,78.85,
2025-07-09 17:16:56,BAJAJHLDNG-EQ,13862.0,
2025-07-09 17:16:56,TIINDIA-EQ,2895.3,
2025-07-09 17:16:56,TATAPOWER-EQ,400.65,
2025-07-09 17:16:56,BHARATFORG-EQ,1261.5,
2025-07-09 17:16:56,BHEL-EQ,262.05,
2025-07-09 17:16:56,BANKBARODA-EQ,241.13,
2025-07-09 17:16:56,M&MFIN-EQ,270.3,
2025-07-09 17:16:56,AXISBANK-EQ,1164.7,
2025-07-09 17:16:56,POLICYBZR-EQ,1854.5,
2025-07-09 17:16:56,JINDALSTEL-EQ,944.8,
2025-07-09 17:16:56,ADANIPORTS-EQ,1443.0,
2025-07-09 17:16:56,COLPAL-EQ,2438.6,
2025-07-09 17:16:56,IOC-EQ,150.25,
2025-07-09 17:16:56,SBICARD-EQ,934.5,
2025-07-09 17:16:56,TVSMOTOR-EQ,2840.1,
2025-07-09 17:16:56,DRREDDY-EQ,1269.4,
2025-07-09 17:16:56,RVNL-EQ,385.1,
2025-07-09 17:16:56,DLF-EQ,829.65,
2025-07-09 17:16:56,APOLLOTYRE-EQ,473.9,
2025-07-09 17:16:56,ICICIPRULI-EQ,680.35,
2025-07-09 17:16:56,ABCAPITAL-EQ,273.3,
2025-07-09 17:16:56,DIXON-EQ,15710.0,
2025-07-09 17:16:56,HAL-EQ,5007.4,
2025-07-09 17:16:56,ESCORTS-EQ,3378.4,
2025-07-09 17:16:56,KPITTECH-EQ,1259.6,
2025-07-09 17:16:56,LICHSGFIN-EQ,604.15,
2025-07-09 17:16:56,BDL-EQ,1985.2,
2025-07-09 17:16:56,ASIANPAINT-EQ,2498.9,
2025-07-09 17:16:56,PREMIERENE-EQ,1074.1,
2025-07-09 17:16:56,SWIGGY-EQ,380.15,
2025-07-09 17:16:56,NTPCGREEN-EQ,107.37,
2025-07-09 17:16:56,SUPREMEIND-EQ,4194.7,
2025-07-09 17:16:56,TATACONSUM-EQ,1097.9,
2025-07-09 17:16:56,TATASTEEL-EQ,159.0,
2025-07-09 17:16:56,TITAN-EQ,3432.1,
2025-07-09 17:16:56,SHRIRAMFIN-EQ,681.05,
2025-07-09 17:16:56,MAZDOCK-EQ,3294.3,
2025-07-09 17:16:56,BAJAJFINSV-EQ,2026.4,
2025-07-09 17:16:56,LTIM-EQ,5329.5,
2025-07-09 17:16:56,JSWENERGY-EQ,514.9,
2025-07-09 17:16:56,NESTLEIND-EQ,2427.8,
2025-07-09 17:16:56,POLYCAB-EQ,6716.0,
2025-07-09 17:16:56,IREDA-EQ,165.91,
2025-07-09 17:16:56,ASHOKLEY-EQ,250.9,
2025-07-09 17:16:56,COCHINSHIP-EQ,2036.3,
2025-07-09 17:16:56,BHARTIHEXA-EQ,1785.9,
2025-07-09 17:16:56,TECHM-EQ,1614.8,
2025-07-09 17:16:56,HINDUNILVR-EQ,2423.4,
2025-07-09 17:16:56,INDIANB-EQ,638.8,
2025-07-09 17:16:56,PAGEIND-EQ,48590.0,
2025-07-09 17:16:56,MOTILALOFS-EQ,925.05,
2025-07-09 17:16:56,VMM-EQ,131.27,
2025-07-09 17:16:56,JIOFIN-EQ,329.85,
2025-07-09 17:16:56,KALYANKJIL-EQ,578.8,
2025-07-09 17:16:56,SHREECEM-EQ,31615.0,
2025-07-09 17:16:56,TATAMOTORS-EQ,692.8,
2025-07-09 17:16:56,BEL-EQ,417.65,
2025-07-09 17:16:56,MPHASIS-EQ,2863.9,
2025-07-09 17:16:56,NATIONALUM-EQ,186.23,
2025-07-09 17:16:56,IRFC-EQ,137.59,
2025-07-09 17:16:56,COALINDIA-EQ,387.45,
2025-07-09 17:16:56,SBILIFE-EQ,1814.9,
2025-07-09 17:16:56,LICI-EQ,946.0,
2025-07-09 17:16:56,WAAREEENER-EQ,3119.5,
2025-07-09 17:16:56,AUROPHARMA-EQ,1142.6,
2025-07-09 17:16:56,SRF-EQ,3280.5,
2025-07-09 17:16:56,TATAELXSI-EQ,6152.0,
2025-07-09 17:16:56,ADANIGREEN-EQ,995.2,
2025-07-09 17:16:56,VOLTAS-EQ,1366.9,
2025-07-09 17:16:56,MOTHERSON-EQ,154.92,
2025-07-09 17:16:56,GAIL-EQ,185.03,
2025-07-09 17:16:56,ETERNAL-EQ,264.55,
2025-07-09 17:16:56,ATGL-EQ,650.9,
2025-07-09 17:16:56,EXIDEIND-EQ,387.5,
2025-07-09 17:16:56,CIPLA-EQ,1491.7,
2025-07-09 17:16:56,MARICO-EQ,730.35,
2025-07-09 17:16:56,INDUSINDBK-EQ,840.75,
2025-07-09 17:16:56,GLENMARK-EQ,1818.8,
2025-07-09 17:16:56,SAIL-EQ,133.88,
2025-07-09 17:16:56,SBIN-EQ,810.95,
2025-07-09 17:16:56,VEDL-EQ,440.75,
2025-07-09 17:16:56,SIEMENS-EQ,3218.3,
2025-07-09 17:16:56,TORNTPHARM-EQ,3353.7,
2025-07-09 17:16:56,BANKINDIA-EQ,115.91,
2025-07-09 17:16:56,CONCOR-EQ,615.35,
2025-07-09 17:16:56,BPCL-EQ,348.5,
2025-07-09 17:16:56,PAYTM-EQ,907.7,
2025-07-09 17:16:56,CHOLAFIN-EQ,1563.1,
2025-07-09 17:16:56,CGPOWER-EQ,672.05,
2025-07-09 17:16:56,BAJFINANCE-EQ,940.6,
2025-07-09 17:16:56,SUNPHARMA-EQ,1669.4,
2025-07-09 17:16:56,TATACOMM-EQ,1761.2,
2025-07-09 17:16:56,SONACOMS-EQ,455.6,
2025-07-09 17:16:56,DABUR-EQ,522.15,
2025-07-09 17:16:56,EICHERMOT-EQ,5695.0,
2025-07-09 17:16:56,HAVELLS-EQ,1523.7,
2025-07-09 17:16:56,RELIANCE-EQ,1519.0,
2025-07-09 17:16:56,INDUSTOWER-EQ,405.15,
2025-07-09 17:16:56,LODHA-EQ,1390.1,
2025-07-09 17:16:56,HDFCLIFE-EQ,786.3,
2025-07-09 17:16:56,HCLTECH-EQ,1674.0,
2025-07-09 17:16:56,ZYDUSLIFE-EQ,978.45,
2025-07-09 17:18:52,ADANIENSOL-EQ,890.15,
2025-07-09 17:18:52,OFSS-EQ,8938.5,
2025-07-09 17:18:52,DIVISLAB-EQ,6983.5,
2025-07-09 17:18:52,MARUTI-EQ,12470.0,
2025-07-09 17:18:52,UPL-EQ,664.75,
2025-07-09 17:18:52,UNIONBANK-EQ,144.59,
2025-07-09 17:18:52,PETRONET-EQ,305.6,
2025-07-09 17:18:52,TCS-EQ,3383.8,
2025-07-09 17:18:52,INDIGO-EQ,5852.0,
2025-07-09 17:18:52,ALKEM-EQ,4805.4,
2025-07-09 17:18:52,BHARTIARTL-EQ,2019.7,
2025-07-09 17:18:52,CANBK-EQ,113.96,
2025-07-09 17:18:52,ULTRACEMCO-EQ,12562.0,
2025-07-09 17:18:52,COFORGE-EQ,1931.3,
2025-07-09 17:18:52,NTPC-EQ,344.0,
2025-07-09 17:18:52,HDFCBANK-EQ,2011.2,
2025-07-09 17:18:52,SOLARINDS-EQ,16502.0,
2025-07-09 17:18:52,HINDPETRO-EQ,445.45,
2025-07-09 17:18:52,POWERGRID-EQ,299.65,
2025-07-09 17:18:52,IRB-EQ,48.52,
2025-07-09 17:18:52,NMDC-EQ,67.9,
2025-07-09 17:18:52,INFY-EQ,1633.7,
2025-07-09 17:18:52,BAJAJ-AUTO-EQ,8361.0,
2025-07-09 17:18:52,VBL-EQ,465.75,
2025-07-09 17:18:52,KOTAKBANK-EQ,2229.3,
2025-07-09 17:18:52,MRF-EQ,150715.0,
2025-07-09 17:18:52,FEDERALBNK-EQ,213.89,
2025-07-09 17:18:52,UNITDSPR-EQ,1370.9,
2025-07-09 17:18:52,IGL-EQ,222.23,
2025-07-09 17:18:52,HINDZINC-EQ,425.0,
2025-07-09 17:18:52,PFC-EQ,417.75,
2025-07-09 17:18:52,AMBUJACEM-EQ,590.35,
2025-07-09 17:18:52,INDHOTEL-EQ,750.15,
2025-07-09 17:18:52,LTF-EQ,209.1,
2025-07-09 17:18:52,HYUNDAI-EQ,2091.0,
2025-07-09 17:18:52,PIDILITIND-EQ,3048.3,
2025-07-09 17:18:52,BSE-EQ,2523.8,
2025-07-09 17:18:52,PRESTIGE-EQ,1650.0,
2025-07-09 17:18:52,ACC-EQ,1990.6,
2025-07-09 17:18:52,PIIND-EQ,4168.4,
2025-07-09 17:18:52,OLAELEC-EQ,40.38,
2025-07-09 17:18:52,ADANIENT-EQ,2583.0,
2025-07-09 17:18:52,BAJAJHFL-EQ,121.33,
2025-07-09 17:18:52,APLAPOLLO-EQ,1708.3,
2025-07-09 17:18:52,BIOCON-EQ,373.55,
2025-07-09 17:18:52,JSWSTEEL-EQ,1040.4,
2025-07-09 17:18:52,IRCTC-EQ,786.05,
2025-07-09 17:18:52,GRASIM-EQ,2797.9,
2025-07-09 17:18:52,IDEA-EQ,7.26,
2025-07-09 17:18:52,PHOENIXLTD-EQ,1518.7,
2025-07-09 17:18:52,NHPC-EQ,88.29,
2025-07-09 17:18:52,GODREJCP-EQ,1293.8,
2025-07-09 17:18:52,GODREJPROP-EQ,2255.1,
2025-07-09 17:18:52,PNB-EQ,111.0,
2025-07-09 17:18:52,IDFCFIRSTB-EQ,77.45,
2025-07-09 17:18:52,HEROMOTOCO-EQ,4333.1,
2025-07-09 17:18:52,YESBANK-EQ,19.91,
2025-07-09 17:18:52,NAUKRI-EQ,1447.1,
2025-07-09 17:18:52,TORNTPOWER-EQ,1427.0,
2025-07-09 17:18:52,ASTRAL-EQ,1492.6,
2025-07-09 17:18:52,RECLTD-EQ,391.55,
2025-07-09 17:18:52,MANKIND-EQ,2526.6,
2025-07-09 17:18:52,PATANJALI-EQ,1660.6,
2025-07-09 17:18:52,ADANIPOWER-EQ,602.15,
2025-07-09 17:18:52,OIL-EQ,445.4,
2025-07-09 17:18:52,JUBLFOOD-EQ,682.95,
2025-07-09 17:18:52,PERSISTENT-EQ,5724.0,
2025-07-09 17:18:52,AUBANK-EQ,825.75,
2025-07-09 17:18:52,MAXHEALTH-EQ,1247.4,
2025-07-09 17:18:52,BANDHANBNK-EQ,178.02,
2025-07-09 17:18:52,TRENT-EQ,5408.0,
2025-07-09 17:18:52,DMART-EQ,4190.9,
2025-07-09 17:18:52,OBEROIRLTY-EQ,1831.1,
2025-07-09 17:18:52,MFSL-EQ,1563.7,
2025-07-09 17:18:52,MAHABANK-EQ,57.12,
2025-07-09 17:18:52,ABB-EQ,5898.0,
2025-07-09 17:18:52,MUTHOOTFIN-EQ,2645.6,
2025-07-09 17:18:52,LUPIN-EQ,1914.2,
2025-07-09 17:18:52,LT-EQ,3579.7,
2025-07-09 17:18:52,SUZLON-EQ,65.94,
2025-07-09 17:18:52,ONGC-EQ,243.35,
2025-07-09 17:18:52,GMRAIRPORT-EQ,92.8,
2025-07-09 17:18:52,HINDALCO-EQ,673.95,
2025-07-09 17:18:52,APOLLOHOSP-EQ,7469.0,
2025-07-09 17:18:52,ITC-EQ,419.45,
2025-07-09 17:18:52,SJVN-EQ,98.3,
2025-07-09 17:18:52,CUMMINSIND-EQ,3523.9,
2025-07-09 17:18:52,M&M-EQ,3176.3,
2025-07-09 17:18:52,TATATECH-EQ,703.95,
2025-07-09 17:18:52,WIPRO-EQ,267.8,
2025-07-09 17:18:52,HDFCAMC-EQ,5141.0,
2025-07-09 17:18:52,ICICIBANK-EQ,1431.9,
2025-07-09 17:18:52,BRITANNIA-EQ,5882.0,
2025-07-09 17:18:52,HUDCO-EQ,229.96,
2025-07-09 17:18:52,NYKAA-EQ,213.37,
2025-07-09 17:18:52,ICICIGI-EQ,2020.2,
2025-07-09 17:18:52,BOSCHLTD-EQ,35800.0,
2025-07-09 17:18:52,ABFRL-EQ,78.85,
2025-07-09 17:18:52,BAJAJHLDNG-EQ,13862.0,
2025-07-09 17:18:52,TIINDIA-EQ,2895.3,
2025-07-09 17:18:52,TATAPOWER-EQ,400.65,
2025-07-09 17:18:52,BHARATFORG-EQ,1261.5,
2025-07-09 17:18:52,BHEL-EQ,262.05,
2025-07-09 17:18:52,BANKBARODA-EQ,241.13,
2025-07-09 17:18:52,M&MFIN-EQ,270.3,
2025-07-09 17:18:52,AXISBANK-EQ,1164.7,
2025-07-09 17:18:52,POLICYBZR-EQ,1854.5,
2025-07-09 17:18:52,JINDALSTEL-EQ,944.8,
2025-07-09 17:18:52,ADANIPORTS-EQ,1443.0,
2025-07-09 17:18:52,COLPAL-EQ,2438.6,
2025-07-09 17:18:52,IOC-EQ,150.25,
2025-07-09 17:18:52,SBICARD-EQ,934.5,
2025-07-09 17:18:52,TVSMOTOR-EQ,2840.1,
2025-07-09 17:18:52,DRREDDY-EQ,1269.4,
2025-07-09 17:18:52,RVNL-EQ,385.1,
2025-07-09 17:18:52,DLF-EQ,829.65,
2025-07-09 17:18:52,APOLLOTYRE-EQ,473.9,
2025-07-09 17:18:52,ICICIPRULI-EQ,680.35,
2025-07-09 17:18:52,ABCAPITAL-EQ,273.3,
2025-07-09 17:18:52,DIXON-EQ,15710.0,
2025-07-09 17:18:52,HAL-EQ,5007.4,
2025-07-09 17:18:52,ESCORTS-EQ,3378.4,
2025-07-09 17:18:52,KPITTECH-EQ,1259.6,
2025-07-09 17:18:52,LICHSGFIN-EQ,604.15,
2025-07-09 17:18:52,BDL-EQ,1985.2,
2025-07-09 17:18:52,ASIANPAINT-EQ,2498.9,
2025-07-09 17:18:52,PREMIERENE-EQ,1074.1,
2025-07-09 17:18:52,SWIGGY-EQ,380.15,
2025-07-09 17:18:52,NTPCGREEN-EQ,107.37,
2025-07-09 17:18:52,SUPREMEIND-EQ,4194.7,
2025-07-09 17:18:52,TATACONSUM-EQ,1097.9,
2025-07-09 17:18:52,TATASTEEL-EQ,159.0,
2025-07-09 17:18:52,TITAN-EQ,3432.1,
2025-07-09 17:18:52,SHRIRAMFIN-EQ,681.05,
2025-07-09 17:18:52,MAZDOCK-EQ,3294.3,
2025-07-09 17:18:52,BAJAJFINSV-EQ,2026.4,
2025-07-09 17:18:52,LTIM-EQ,5329.5,
2025-07-09 17:18:52,JSWENERGY-EQ,514.9,
2025-07-09 17:18:52,NESTLEIND-EQ,2427.8,
2025-07-09 17:18:52,POLYCAB-EQ,6716.0,
2025-07-09 17:18:52,IREDA-EQ,165.91,
2025-07-09 17:18:52,ASHOKLEY-EQ,250.9,
2025-07-09 17:18:52,COCHINSHIP-EQ,2036.3,
2025-07-09 17:18:52,BHARTIHEXA-EQ,1785.9,
2025-07-09 17:18:52,TECHM-EQ,1614.8,
2025-07-09 17:18:52,HINDUNILVR-EQ,2423.4,
2025-07-09 17:18:52,INDIANB-EQ,638.8,
2025-07-09 17:18:52,PAGEIND-EQ,48590.0,
2025-07-09 17:18:52,MOTILALOFS-EQ,925.05,
2025-07-09 17:18:52,VMM-EQ,131.27,
2025-07-09 17:18:52,JIOFIN-EQ,329.85,
2025-07-09 17:18:52,KALYANKJIL-EQ,578.8,
2025-07-09 17:18:52,SHREECEM-EQ,31615.0,
2025-07-09 17:18:52,TATAMOTORS-EQ,692.8,
2025-07-09 17:18:52,BEL-EQ,417.65,
2025-07-09 17:18:52,MPHASIS-EQ,2863.9,
2025-07-09 17:18:52,NATIONALUM-EQ,186.23,
2025-07-09 17:18:52,IRFC-EQ,137.59,
2025-07-09 17:18:52,COALINDIA-EQ,387.45,
2025-07-09 17:18:52,SBILIFE-EQ,1814.9,
2025-07-09 17:18:52,LICI-EQ,946.0,
2025-07-09 17:18:52,WAAREEENER-EQ,3119.5,
2025-07-09 17:18:52,AUROPHARMA-EQ,1142.6,
2025-07-09 17:18:52,SRF-EQ,3280.5,
2025-07-09 17:18:52,TATAELXSI-EQ,6152.0,
2025-07-09 17:18:52,ADANIGREEN-EQ,995.2,
2025-07-09 17:18:52,VOLTAS-EQ,1366.9,
2025-07-09 17:18:52,MOTHERSON-EQ,154.92,
2025-07-09 17:18:52,GAIL-EQ,185.03,
2025-07-09 17:18:52,ETERNAL-EQ,264.55,
2025-07-09 17:18:52,ATGL-EQ,650.9,
2025-07-09 17:18:52,EXIDEIND-EQ,387.5,
2025-07-09 17:18:52,CIPLA-EQ,1491.7,
2025-07-09 17:18:52,MARICO-EQ,730.35,
2025-07-09 17:18:52,INDUSINDBK-EQ,840.75,
2025-07-09 17:18:52,GLENMARK-EQ,1818.8,
2025-07-09 17:18:52,SAIL-EQ,133.88,
2025-07-09 17:18:52,SBIN-EQ,810.95,
2025-07-09 17:18:52,VEDL-EQ,440.75,
2025-07-09 17:18:52,SIEMENS-EQ,3218.3,
2025-07-09 17:18:52,TORNTPHARM-EQ,3353.7,
2025-07-09 17:18:52,BANKINDIA-EQ,115.91,
2025-07-09 17:18:52,CONCOR-EQ,615.35,
2025-07-09 17:18:52,BPCL-EQ,348.5,
2025-07-09 17:18:52,PAYTM-EQ,907.7,
2025-07-09 17:18:52,CHOLAFIN-EQ,1563.1,
2025-07-09 17:18:52,CGPOWER-EQ,672.05,
2025-07-09 17:18:52,BAJFINANCE-EQ,940.6,
2025-07-09 17:18:52,SUNPHARMA-EQ,1669.4,
2025-07-09 17:18:52,TATACOMM-EQ,1761.2,
2025-07-09 17:18:52,SONACOMS-EQ,455.6,
2025-07-09 17:18:52,DABUR-EQ,522.15,
2025-07-09 17:18:52,EICHERMOT-EQ,5695.0,
2025-07-09 17:18:52,HAVELLS-EQ,1523.7,
2025-07-09 17:18:52,RELIANCE-EQ,1519.0,
2025-07-09 17:18:52,INDUSTOWER-EQ,405.15,
2025-07-09 17:18:52,LODHA-EQ,1390.1,
2025-07-09 17:18:52,HDFCLIFE-EQ,786.3,
2025-07-09 17:18:52,HCLTECH-EQ,1674.0,
2025-07-09 17:18:52,ZYDUSLIFE-EQ,978.45,
2025-07-09 17:20:50,ADANIENSOL-EQ,890.15,
2025-07-09 17:20:50,OFSS-EQ,8938.5,
2025-07-09 17:20:50,DIVISLAB-EQ,6983.5,
2025-07-09 17:20:50,MARUTI-EQ,12470.0,
2025-07-09 17:20:50,UPL-EQ,664.75,
2025-07-09 17:20:50,UNIONBANK-EQ,144.59,
2025-07-09 17:20:50,PETRONET-EQ,305.6,
2025-07-09 17:20:50,TCS-EQ,3383.8,
2025-07-09 17:20:50,INDIGO-EQ,5852.0,
2025-07-09 17:20:50,ALKEM-EQ,4805.4,
2025-07-09 17:20:50,BHARTIARTL-EQ,2019.7,
2025-07-09 17:20:50,CANBK-EQ,113.96,
2025-07-09 17:20:50,ULTRACEMCO-EQ,12562.0,
2025-07-09 17:20:50,COFORGE-EQ,1931.3,
2025-07-09 17:20:50,NTPC-EQ,344.0,
2025-07-09 17:20:50,HDFCBANK-EQ,2011.2,
2025-07-09 17:20:50,SOLARINDS-EQ,16502.0,
2025-07-09 17:20:50,HINDPETRO-EQ,445.45,
2025-07-09 17:20:50,POWERGRID-EQ,299.65,
2025-07-09 17:20:50,IRB-EQ,48.52,
2025-07-09 17:20:50,NMDC-EQ,67.9,
2025-07-09 17:20:50,INFY-EQ,1633.7,
2025-07-09 17:20:50,BAJAJ-AUTO-EQ,8361.0,
2025-07-09 17:20:50,VBL-EQ,465.75,
2025-07-09 17:20:50,KOTAKBANK-EQ,2229.3,
2025-07-09 17:20:50,MRF-EQ,150715.0,
2025-07-09 17:20:50,FEDERALBNK-EQ,213.89,
2025-07-09 17:20:50,UNITDSPR-EQ,1370.9,
2025-07-09 17:20:50,IGL-EQ,222.23,
2025-07-09 17:20:50,HINDZINC-EQ,425.0,
2025-07-09 17:20:50,PFC-EQ,417.75,
2025-07-09 17:20:50,AMBUJACEM-EQ,590.35,
2025-07-09 17:20:50,INDHOTEL-EQ,750.15,
2025-07-09 17:20:50,LTF-EQ,209.1,
2025-07-09 17:20:50,HYUNDAI-EQ,2091.0,
2025-07-09 17:20:50,PIDILITIND-EQ,3048.3,
2025-07-09 17:20:50,BSE-EQ,2523.8,
2025-07-09 17:20:50,PRESTIGE-EQ,1650.0,
2025-07-09 17:20:50,ACC-EQ,1990.6,
2025-07-09 17:20:50,PIIND-EQ,4168.4,
2025-07-09 17:20:50,OLAELEC-EQ,40.38,
2025-07-09 17:20:50,ADANIENT-EQ,2583.0,
2025-07-09 17:20:50,BAJAJHFL-EQ,121.33,
2025-07-09 17:20:50,APLAPOLLO-EQ,1708.3,
2025-07-09 17:20:50,BIOCON-EQ,373.55,
2025-07-09 17:20:50,JSWSTEEL-EQ,1040.4,
2025-07-09 17:20:50,IRCTC-EQ,786.05,
2025-07-09 17:20:50,GRASIM-EQ,2797.9,
2025-07-09 17:20:50,IDEA-EQ,7.26,
2025-07-09 17:20:50,PHOENIXLTD-EQ,1518.7,
2025-07-09 17:20:50,NHPC-EQ,88.29,
2025-07-09 17:20:50,GODREJCP-EQ,1293.8,
2025-07-09 17:20:50,GODREJPROP-EQ,2255.1,
2025-07-09 17:20:50,PNB-EQ,111.0,
2025-07-09 17:20:50,IDFCFIRSTB-EQ,77.45,
2025-07-09 17:20:50,HEROMOTOCO-EQ,4333.1,
2025-07-09 17:20:50,YESBANK-EQ,19.91,
2025-07-09 17:20:50,NAUKRI-EQ,1447.1,
2025-07-09 17:20:50,TORNTPOWER-EQ,1427.0,
2025-07-09 17:20:50,ASTRAL-EQ,1492.6,
2025-07-09 17:20:50,RECLTD-EQ,391.55,
2025-07-09 17:20:50,MANKIND-EQ,2526.6,
2025-07-09 17:20:50,PATANJALI-EQ,1660.6,
2025-07-09 17:20:50,ADANIPOWER-EQ,602.15,
2025-07-09 17:20:50,OIL-EQ,445.4,
2025-07-09 17:20:50,JUBLFOOD-EQ,682.95,
2025-07-09 17:20:50,PERSISTENT-EQ,5724.0,
2025-07-09 17:20:50,AUBANK-EQ,825.75,
2025-07-09 17:20:50,MAXHEALTH-EQ,1247.4,
2025-07-09 17:20:50,BANDHANBNK-EQ,178.02,
2025-07-09 17:20:50,TRENT-EQ,5408.0,
2025-07-09 17:20:50,DMART-EQ,4190.9,
2025-07-09 17:20:50,OBEROIRLTY-EQ,1831.1,
2025-07-09 17:20:50,MFSL-EQ,1563.7,
2025-07-09 17:20:50,MAHABANK-EQ,57.12,
2025-07-09 17:20:50,ABB-EQ,5898.0,
2025-07-09 17:20:50,MUTHOOTFIN-EQ,2645.6,
2025-07-09 17:20:50,LUPIN-EQ,1914.2,
2025-07-09 17:20:50,LT-EQ,3579.7,
2025-07-09 17:20:50,SUZLON-EQ,65.94,
2025-07-09 17:20:50,ONGC-EQ,243.35,
2025-07-09 17:20:50,GMRAIRPORT-EQ,92.8,
2025-07-09 17:20:50,HINDALCO-EQ,673.95,
2025-07-09 17:20:50,APOLLOHOSP-EQ,7469.0,
2025-07-09 17:20:50,ITC-EQ,419.45,
2025-07-09 17:20:50,SJVN-EQ,98.3,
2025-07-09 17:20:50,CUMMINSIND-EQ,3523.9,
2025-07-09 17:20:50,M&M-EQ,3176.3,
2025-07-09 17:20:50,TATATECH-EQ,703.95,
2025-07-09 17:20:50,WIPRO-EQ,267.8,
2025-07-09 17:20:50,HDFCAMC-EQ,5141.0,
2025-07-09 17:20:50,ICICIBANK-EQ,1431.9,
2025-07-09 17:20:50,BRITANNIA-EQ,5882.0,
2025-07-09 17:20:50,HUDCO-EQ,229.96,
2025-07-09 17:20:50,NYKAA-EQ,213.37,
2025-07-09 17:20:50,ICICIGI-EQ,2020.2,
2025-07-09 17:20:50,BOSCHLTD-EQ,35800.0,
2025-07-09 17:20:50,ABFRL-EQ,78.85,
2025-07-09 17:20:50,BAJAJHLDNG-EQ,13862.0,
2025-07-09 17:20:50,TIINDIA-EQ,2895.3,
2025-07-09 17:20:50,TATAPOWER-EQ,400.65,
2025-07-09 17:20:50,BHARATFORG-EQ,1261.5,
2025-07-09 17:20:50,BHEL-EQ,262.05,
2025-07-09 17:20:50,BANKBARODA-EQ,241.13,
2025-07-09 17:20:50,M&MFIN-EQ,270.3,
2025-07-09 17:20:50,AXISBANK-EQ,1164.7,
2025-07-09 17:20:50,POLICYBZR-EQ,1854.5,
2025-07-09 17:20:50,JINDALSTEL-EQ,944.8,
2025-07-09 17:20:50,ADANIPORTS-EQ,1443.0,
2025-07-09 17:20:50,COLPAL-EQ,2438.6,
2025-07-09 17:20:50,IOC-EQ,150.25,
2025-07-09 17:20:50,SBICARD-EQ,934.5,
2025-07-09 17:20:50,TVSMOTOR-EQ,2840.1,
2025-07-09 17:20:50,DRREDDY-EQ,1269.4,
2025-07-09 17:20:50,RVNL-EQ,385.1,
2025-07-09 17:20:50,DLF-EQ,829.65,
2025-07-09 17:20:50,APOLLOTYRE-EQ,473.9,
2025-07-09 17:20:50,ICICIPRULI-EQ,680.35,
2025-07-09 17:20:50,ABCAPITAL-EQ,273.3,
2025-07-09 17:20:50,DIXON-EQ,15710.0,
2025-07-09 17:20:50,HAL-EQ,5007.4,
2025-07-09 17:20:50,ESCORTS-EQ,3378.4,
2025-07-09 17:20:50,KPITTECH-EQ,1259.6,
2025-07-09 17:20:50,LICHSGFIN-EQ,604.15,
2025-07-09 17:20:50,BDL-EQ,1985.2,
2025-07-09 17:20:50,ASIANPAINT-EQ,2498.9,
2025-07-09 17:20:50,PREMIERENE-EQ,1074.1,
2025-07-09 17:20:50,SWIGGY-EQ,380.15,
2025-07-09 17:20:50,NTPCGREEN-EQ,107.37,
2025-07-09 17:20:50,SUPREMEIND-EQ,4194.7,
2025-07-09 17:20:50,TATACONSUM-EQ,1097.9,
2025-07-09 17:20:50,TATASTEEL-EQ,159.0,
2025-07-09 17:20:50,TITAN-EQ,3432.1,
2025-07-09 17:20:50,SHRIRAMFIN-EQ,681.05,
2025-07-09 17:20:50,MAZDOCK-EQ,3294.3,
2025-07-09 17:20:50,BAJAJFINSV-EQ,2026.4,
2025-07-09 17:20:50,LTIM-EQ,5329.5,
2025-07-09 17:20:50,JSWENERGY-EQ,514.9,
2025-07-09 17:20:50,NESTLEIND-EQ,2427.8,
2025-07-09 17:20:50,POLYCAB-EQ,6716.0,
2025-07-09 17:20:50,IREDA-EQ,165.91,
2025-07-09 17:20:50,ASHOKLEY-EQ,250.9,
2025-07-09 17:20:50,COCHINSHIP-EQ,2036.3,
2025-07-09 17:20:50,BHARTIHEXA-EQ,1785.9,
2025-07-09 17:20:50,TECHM-EQ,1614.8,
2025-07-09 17:20:50,HINDUNILVR-EQ,2423.4,
2025-07-09 17:20:50,INDIANB-EQ,638.8,
2025-07-09 17:20:50,PAGEIND-EQ,48590.0,
2025-07-09 17:20:50,MOTILALOFS-EQ,925.05,
2025-07-09 17:20:50,VMM-EQ,131.27,
2025-07-09 17:20:50,JIOFIN-EQ,329.85,
2025-07-09 17:20:50,KALYANKJIL-EQ,578.8,
2025-07-09 17:20:50,SHREECEM-EQ,31615.0,
2025-07-09 17:20:50,TATAMOTORS-EQ,692.8,
2025-07-09 17:20:50,BEL-EQ,417.65,
2025-07-09 17:20:50,MPHASIS-EQ,2863.9,
2025-07-09 17:20:50,NATIONALUM-EQ,186.23,
2025-07-09 17:20:50,IRFC-EQ,137.59,
2025-07-09 17:20:50,COALINDIA-EQ,387.45,
2025-07-09 17:20:50,SBILIFE-EQ,1814.9,
2025-07-09 17:20:50,LICI-EQ,946.0,
2025-07-09 17:20:50,WAAREEENER-EQ,3119.5,
2025-07-09 17:20:50,AUROPHARMA-EQ,1142.6,
2025-07-09 17:20:50,SRF-EQ,3280.5,
2025-07-09 17:20:50,TATAELXSI-EQ,6152.0,
2025-07-09 17:20:50,ADANIGREEN-EQ,995.2,
2025-07-09 17:20:50,VOLTAS-EQ,1366.9,
2025-07-09 17:20:50,MOTHERSON-EQ,154.92,
2025-07-09 17:20:50,GAIL-EQ,185.03,
2025-07-09 17:20:50,ETERNAL-EQ,264.55,
2025-07-09 17:20:50,ATGL-EQ,650.9,
2025-07-09 17:20:50,EXIDEIND-EQ,387.5,
2025-07-09 17:20:50,CIPLA-EQ,1491.7,
2025-07-09 17:20:50,MARICO-EQ,730.35,
2025-07-09 17:20:50,INDUSINDBK-EQ,840.75,
2025-07-09 17:20:50,GLENMARK-EQ,1818.8,
2025-07-09 17:20:50,SAIL-EQ,133.88,
2025-07-09 17:20:50,SBIN-EQ,810.95,
2025-07-09 17:20:50,VEDL-EQ,440.75,
2025-07-09 17:20:50,SIEMENS-EQ,3218.3,
2025-07-09 17:20:50,TORNTPHARM-EQ,3353.7,
2025-07-09 17:20:50,BANKINDIA-EQ,115.91,
2025-07-09 17:20:50,CONCOR-EQ,615.35,
2025-07-09 17:20:50,BPCL-EQ,348.5,
2025-07-09 17:20:50,PAYTM-EQ,907.7,
2025-07-09 17:20:50,CHOLAFIN-EQ,1563.1,
2025-07-09 17:20:50,CGPOWER-EQ,672.05,
2025-07-09 17:20:50,BAJFINANCE-EQ,940.6,
2025-07-09 17:20:50,SUNPHARMA-EQ,1669.4,
2025-07-09 17:20:50,TATACOMM-EQ,1761.2,
2025-07-09 17:20:50,SONACOMS-EQ,455.6,
2025-07-09 17:20:50,DABUR-EQ,522.15,
2025-07-09 17:20:50,EICHERMOT-EQ,5695.0,
2025-07-09 17:20:50,HAVELLS-EQ,1523.7,
2025-07-09 17:20:50,RELIANCE-EQ,1519.0,
2025-07-09 17:20:50,INDUSTOWER-EQ,405.15,
2025-07-09 17:20:50,LODHA-EQ,1390.1,
2025-07-09 17:20:50,HDFCLIFE-EQ,786.3,
2025-07-09 17:20:50,HCLTECH-EQ,1674.0,
2025-07-09 17:20:50,ZYDUSLIFE-EQ,978.45,
2025-07-09 17:22:48,ADANIENSOL-EQ,890.15,
2025-07-09 17:22:48,OFSS-EQ,8938.5,
2025-07-09 17:22:48,DIVISLAB-EQ,6983.5,
2025-07-09 17:22:48,MARUTI-EQ,12470.0,
2025-07-09 17:22:48,UPL-EQ,664.75,
2025-07-09 17:22:48,UNIONBANK-EQ,144.59,
2025-07-09 17:22:48,PETRONET-EQ,305.6,
2025-07-09 17:22:48,TCS-EQ,3383.8,
2025-07-09 17:22:48,INDIGO-EQ,5852.0,
2025-07-09 17:22:48,ALKEM-EQ,4805.4,
2025-07-09 17:22:48,BHARTIARTL-EQ,2019.7,
2025-07-09 17:22:48,CANBK-EQ,113.96,
2025-07-09 17:22:48,ULTRACEMCO-EQ,12562.0,
2025-07-09 17:22:48,COFORGE-EQ,1931.3,
2025-07-09 17:22:48,NTPC-EQ,344.0,
2025-07-09 17:22:48,HDFCBANK-EQ,2011.2,
2025-07-09 17:22:48,SOLARINDS-EQ,16502.0,
2025-07-09 17:22:48,HINDPETRO-EQ,445.45,
2025-07-09 17:22:48,POWERGRID-EQ,299.65,
2025-07-09 17:22:48,IRB-EQ,48.52,
2025-07-09 17:22:48,NMDC-EQ,67.9,
2025-07-09 17:22:48,INFY-EQ,1633.7,
2025-07-09 17:22:48,BAJAJ-AUTO-EQ,8361.0,
2025-07-09 17:22:48,VBL-EQ,465.75,
2025-07-09 17:22:48,KOTAKBANK-EQ,2229.3,
2025-07-09 17:22:48,MRF-EQ,150715.0,
2025-07-09 17:22:48,FEDERALBNK-EQ,213.89,
2025-07-09 17:22:48,UNITDSPR-EQ,1370.9,
2025-07-09 17:22:48,IGL-EQ,222.23,
2025-07-09 17:22:48,HINDZINC-EQ,425.0,
2025-07-09 17:22:48,PFC-EQ,417.75,
2025-07-09 17:22:48,AMBUJACEM-EQ,590.35,
2025-07-09 17:22:48,INDHOTEL-EQ,750.15,
2025-07-09 17:22:48,LTF-EQ,209.1,
2025-07-09 17:22:48,HYUNDAI-EQ,2091.0,
2025-07-09 17:22:48,PIDILITIND-EQ,3048.3,
2025-07-09 17:22:48,BSE-EQ,2523.8,
2025-07-09 17:22:48,PRESTIGE-EQ,1650.0,
2025-07-09 17:22:48,ACC-EQ,1990.6,
2025-07-09 17:22:48,PIIND-EQ,4168.4,
2025-07-09 17:22:48,OLAELEC-EQ,40.38,
2025-07-09 17:22:48,ADANIENT-EQ,2583.0,
2025-07-09 17:22:48,BAJAJHFL-EQ,121.33,
2025-07-09 17:22:48,APLAPOLLO-EQ,1708.3,
2025-07-09 17:22:48,BIOCON-EQ,373.55,
2025-07-09 17:22:48,JSWSTEEL-EQ,1040.4,
2025-07-09 17:22:48,IRCTC-EQ,786.05,
2025-07-09 17:22:48,GRASIM-EQ,2797.9,
2025-07-09 17:22:48,IDEA-EQ,7.26,
2025-07-09 17:22:48,PHOENIXLTD-EQ,1518.7,
2025-07-09 17:22:48,NHPC-EQ,88.29,
2025-07-09 17:22:48,GODREJCP-EQ,1293.8,
2025-07-09 17:22:48,GODREJPROP-EQ,2255.1,
2025-07-09 17:22:48,PNB-EQ,111.0,
2025-07-09 17:22:48,IDFCFIRSTB-EQ,77.45,
2025-07-09 17:22:48,HEROMOTOCO-EQ,4333.1,
2025-07-09 17:22:48,YESBANK-EQ,19.91,
2025-07-09 17:22:48,NAUKRI-EQ,1447.1,
2025-07-09 17:22:48,TORNTPOWER-EQ,1427.0,
2025-07-09 17:22:48,ASTRAL-EQ,1492.6,
2025-07-09 17:22:48,RECLTD-EQ,391.55,
2025-07-09 17:22:48,MANKIND-EQ,2526.6,
2025-07-09 17:22:48,PATANJALI-EQ,1660.6,
2025-07-09 17:22:48,ADANIPOWER-EQ,602.15,
2025-07-09 17:22:48,OIL-EQ,445.4,
2025-07-09 17:22:48,JUBLFOOD-EQ,682.95,
2025-07-09 17:22:48,PERSISTENT-EQ,5724.0,
2025-07-09 17:22:48,AUBANK-EQ,825.75,
2025-07-09 17:22:48,MAXHEALTH-EQ,1247.4,
2025-07-09 17:22:48,BANDHANBNK-EQ,178.02,
2025-07-09 17:22:48,TRENT-EQ,5408.0,
2025-07-09 17:22:48,DMART-EQ,4190.9,
2025-07-09 17:22:48,OBEROIRLTY-EQ,1831.1,
2025-07-09 17:22:48,MFSL-EQ,1563.7,
2025-07-09 17:22:48,MAHABANK-EQ,57.12,
2025-07-09 17:22:48,ABB-EQ,5898.0,
2025-07-09 17:22:48,MUTHOOTFIN-EQ,2645.6,
2025-07-09 17:22:48,LUPIN-EQ,1914.2,
2025-07-09 17:22:48,LT-EQ,3579.7,
2025-07-09 17:22:48,SUZLON-EQ,65.94,
2025-07-09 17:22:48,ONGC-EQ,243.35,
2025-07-09 17:22:48,GMRAIRPORT-EQ,92.8,
2025-07-09 17:22:48,HINDALCO-EQ,673.95,
2025-07-09 17:22:48,APOLLOHOSP-EQ,7469.0,
2025-07-09 17:22:48,ITC-EQ,419.45,
2025-07-09 17:22:48,SJVN-EQ,98.3,
2025-07-09 17:22:48,CUMMINSIND-EQ,3523.9,
2025-07-09 17:22:48,M&M-EQ,3176.3,
2025-07-09 17:22:48,TATATECH-EQ,703.95,
2025-07-09 17:22:48,WIPRO-EQ,267.8,
2025-07-09 17:22:48,HDFCAMC-EQ,5141.0,
2025-07-09 17:22:48,ICICIBANK-EQ,1431.9,
2025-07-09 17:22:48,BRITANNIA-EQ,5882.0,
2025-07-09 17:22:48,HUDCO-EQ,229.96,
2025-07-09 17:22:48,NYKAA-EQ,213.37,
2025-07-09 17:22:48,ICICIGI-EQ,2020.2,
2025-07-09 17:22:48,BOSCHLTD-EQ,35800.0,
2025-07-09 17:22:48,ABFRL-EQ,78.85,
2025-07-09 17:22:48,BAJAJHLDNG-EQ,13862.0,
2025-07-09 17:22:48,TIINDIA-EQ,2895.3,
2025-07-09 17:22:48,TATAPOWER-EQ,400.65,
2025-07-09 17:22:48,BHARATFORG-EQ,1261.5,
2025-07-09 17:22:48,BHEL-EQ,262.05,
2025-07-09 17:22:48,BANKBARODA-EQ,241.13,
2025-07-09 17:22:48,M&MFIN-EQ,270.3,
2025-07-09 17:22:48,AXISBANK-EQ,1164.7,
2025-07-09 17:22:48,POLICYBZR-EQ,1854.5,
2025-07-09 17:22:48,JINDALSTEL-EQ,944.8,
2025-07-09 17:22:48,ADANIPORTS-EQ,1443.0,
2025-07-09 17:22:48,COLPAL-EQ,2438.6,
2025-07-09 17:22:48,IOC-EQ,150.25,
2025-07-09 17:22:48,SBICARD-EQ,934.5,
2025-07-09 17:22:48,TVSMOTOR-EQ,2840.1,
2025-07-09 17:22:48,DRREDDY-EQ,1269.4,
2025-07-09 17:22:48,RVNL-EQ,385.1,
2025-07-09 17:22:48,DLF-EQ,829.65,
2025-07-09 17:22:48,APOLLOTYRE-EQ,473.9,
2025-07-09 17:22:48,ICICIPRULI-EQ,680.35,
2025-07-09 17:22:48,ABCAPITAL-EQ,273.3,
2025-07-09 17:22:48,DIXON-EQ,15710.0,
2025-07-09 17:22:48,HAL-EQ,5007.4,
2025-07-09 17:22:48,ESCORTS-EQ,3378.4,
2025-07-09 17:22:48,KPITTECH-EQ,1259.6,
2025-07-09 17:22:48,LICHSGFIN-EQ,604.15,
2025-07-09 17:22:48,BDL-EQ,1985.2,
2025-07-09 17:22:48,ASIANPAINT-EQ,2498.9,
2025-07-09 17:22:48,PREMIERENE-EQ,1074.1,
2025-07-09 17:22:48,SWIGGY-EQ,380.15,
2025-07-09 17:22:48,NTPCGREEN-EQ,107.37,
2025-07-09 17:22:48,SUPREMEIND-EQ,4194.7,
2025-07-09 17:22:48,TATACONSUM-EQ,1097.9,
2025-07-09 17:22:48,TATASTEEL-EQ,159.0,
2025-07-09 17:22:48,TITAN-EQ,3432.1,
2025-07-09 17:22:48,SHRIRAMFIN-EQ,681.05,
2025-07-09 17:22:48,MAZDOCK-EQ,3294.3,
2025-07-09 17:22:48,BAJAJFINSV-EQ,2026.4,
2025-07-09 17:22:48,LTIM-EQ,5329.5,
2025-07-09 17:22:48,JSWENERGY-EQ,514.9,
2025-07-09 17:22:48,NESTLEIND-EQ,2427.8,
2025-07-09 17:22:48,POLYCAB-EQ,6716.0,
2025-07-09 17:22:48,IREDA-EQ,165.91,
2025-07-09 17:22:48,ASHOKLEY-EQ,250.9,
2025-07-09 17:22:48,COCHINSHIP-EQ,2036.3,
2025-07-09 17:22:48,BHARTIHEXA-EQ,1785.9,
2025-07-09 17:22:48,TECHM-EQ,1614.8,
2025-07-09 17:22:48,HINDUNILVR-EQ,2423.4,
2025-07-09 17:22:48,INDIANB-EQ,638.8,
2025-07-09 17:22:48,PAGEIND-EQ,48590.0,
2025-07-09 17:22:48,MOTILALOFS-EQ,925.05,
2025-07-09 17:22:48,VMM-EQ,131.27,
2025-07-09 17:22:48,JIOFIN-EQ,329.85,
2025-07-09 17:22:48,KALYANKJIL-EQ,578.8,
2025-07-09 17:22:48,SHREECEM-EQ,31615.0,
2025-07-09 17:22:48,TATAMOTORS-EQ,692.8,
2025-07-09 17:22:48,BEL-EQ,417.65,
2025-07-09 17:22:48,MPHASIS-EQ,2863.9,
2025-07-09 17:22:48,NATIONALUM-EQ,186.23,
2025-07-09 17:22:48,IRFC-EQ,137.59,
2025-07-09 17:22:48,COALINDIA-EQ,387.45,
2025-07-09 17:22:48,SBILIFE-EQ,1814.9,
2025-07-09 17:22:48,LICI-EQ,946.0,
2025-07-09 17:22:48,WAAREEENER-EQ,3119.5,
2025-07-09 17:22:48,AUROPHARMA-EQ,1142.6,
2025-07-09 17:22:48,SRF-EQ,3280.5,
2025-07-09 17:22:48,TATAELXSI-EQ,6152.0,
2025-07-09 17:22:48,ADANIGREEN-EQ,995.2,
2025-07-09 17:22:48,VOLTAS-EQ,1366.9,
2025-07-09 17:22:48,MOTHERSON-EQ,154.92,
2025-07-09 17:22:48,GAIL-EQ,185.03,
2025-07-09 17:22:48,ETERNAL-EQ,264.55,
2025-07-09 17:22:48,ATGL-EQ,650.9,
2025-07-09 17:22:48,EXIDEIND-EQ,387.5,
2025-07-09 17:22:48,CIPLA-EQ,1491.7,
2025-07-09 17:22:48,MARICO-EQ,730.35,
2025-07-09 17:22:48,INDUSINDBK-EQ,840.75,
2025-07-09 17:22:48,GLENMARK-EQ,1818.8,
2025-07-09 17:22:48,SAIL-EQ,133.88,
2025-07-09 17:22:48,SBIN-EQ,810.95,
2025-07-09 17:22:48,VEDL-EQ,440.75,
2025-07-09 17:22:48,SIEMENS-EQ,3218.3,
2025-07-09 17:22:48,TORNTPHARM-EQ,3353.7,
2025-07-09 17:22:48,BANKINDIA-EQ,115.91,
2025-07-09 17:22:48,CONCOR-EQ,615.35,
2025-07-09 17:22:48,BPCL-EQ,348.5,
2025-07-09 17:22:48,PAYTM-EQ,907.7,
2025-07-09 17:22:48,CHOLAFIN-EQ,1563.1,
2025-07-09 17:22:48,CGPOWER-EQ,672.05,
2025-07-09 17:22:48,BAJFINANCE-EQ,940.6,
2025-07-09 17:22:48,SUNPHARMA-EQ,1669.4,
2025-07-09 17:22:48,TATACOMM-EQ,1761.2,
2025-07-09 17:22:48,SONACOMS-EQ,455.6,
2025-07-09 17:22:48,DABUR-EQ,522.15,
2025-07-09 17:22:48,EICHERMOT-EQ,5695.0,
2025-07-09 17:22:48,HAVELLS-EQ,1523.7,
2025-07-09 17:22:48,RELIANCE-EQ,1519.0,
2025-07-09 17:22:48,INDUSTOWER-EQ,405.15,
2025-07-09 17:22:48,LODHA-EQ,1390.1,
2025-07-09 17:24:31,ADANIENSOL-EQ,890.15,
2025-07-09 17:24:31,OFSS-EQ,8938.5,
2025-07-09 17:24:31,DIVISLAB-EQ,6983.5,
2025-07-09 17:24:31,MARUTI-EQ,12470.0,
2025-07-09 17:24:31,UPL-EQ,664.75,
2025-07-09 17:24:31,UNIONBANK-EQ,144.59,
2025-07-09 17:24:31,PETRONET-EQ,305.6,
2025-07-09 17:24:31,TCS-EQ,3383.8,
2025-07-09 17:24:31,INDIGO-EQ,5852.0,
2025-07-09 17:24:31,ALKEM-EQ,4805.4,
2025-07-09 17:24:31,BHARTIARTL-EQ,2019.7,
2025-07-09 17:24:31,CANBK-EQ,113.96,
2025-07-09 17:24:31,ULTRACEMCO-EQ,12562.0,
2025-07-09 17:24:31,COFORGE-EQ,1931.3,
2025-07-09 17:24:31,NTPC-EQ,344.0,
2025-07-09 17:24:31,HDFCBANK-EQ,2011.2,
2025-07-09 17:24:31,SOLARINDS-EQ,16502.0,
2025-07-09 17:24:31,HINDPETRO-EQ,445.45,
2025-07-09 17:24:31,POWERGRID-EQ,299.65,
2025-07-09 17:24:31,IRB-EQ,48.52,
2025-07-09 17:24:31,NMDC-EQ,67.9,
2025-07-09 17:24:31,INFY-EQ,1633.7,
2025-07-09 17:24:31,BAJAJ-AUTO-EQ,8361.0,
2025-07-09 17:24:31,VBL-EQ,465.75,
2025-07-09 17:24:31,KOTAKBANK-EQ,2229.3,
2025-07-09 17:24:31,MRF-EQ,150715.0,
2025-07-09 17:24:31,FEDERALBNK-EQ,213.89,
2025-07-09 17:24:31,UNITDSPR-EQ,1370.9,
2025-07-09 17:24:31,IGL-EQ,222.23,
2025-07-09 17:24:31,HINDZINC-EQ,425.0,
2025-07-09 17:24:31,PFC-EQ,417.75,
2025-07-09 17:24:31,AMBUJACEM-EQ,590.35,
2025-07-09 17:24:31,INDHOTEL-EQ,750.15,
2025-07-09 17:24:31,LTF-EQ,209.1,
2025-07-09 17:24:31,HYUNDAI-EQ,2091.0,
2025-07-09 17:24:31,PIDILITIND-EQ,3048.3,
2025-07-09 17:24:31,BSE-EQ,2523.8,
2025-07-09 17:24:31,PRESTIGE-EQ,1650.0,
2025-07-09 17:24:31,ACC-EQ,1990.6,
2025-07-09 17:24:31,PIIND-EQ,4168.4,
2025-07-09 17:24:31,OLAELEC-EQ,40.38,
2025-07-09 17:24:31,ADANIENT-EQ,2583.0,
2025-07-09 17:24:31,BAJAJHFL-EQ,121.33,
2025-07-09 17:24:31,APLAPOLLO-EQ,1708.3,
2025-07-09 17:24:31,BIOCON-EQ,373.55,
2025-07-09 17:24:31,JSWSTEEL-EQ,1040.4,
2025-07-09 17:24:31,IRCTC-EQ,786.05,
2025-07-09 17:24:31,GRASIM-EQ,2797.9,
2025-07-09 17:24:31,IDEA-EQ,7.26,
2025-07-09 17:24:31,PHOENIXLTD-EQ,1518.7,
2025-07-09 17:24:31,NHPC-EQ,88.29,
2025-07-09 17:24:31,GODREJCP-EQ,1293.8,
2025-07-09 17:24:31,GODREJPROP-EQ,2255.1,
2025-07-09 17:24:31,PNB-EQ,111.0,
2025-07-09 17:24:31,IDFCFIRSTB-EQ,77.45,
2025-07-09 17:24:31,HEROMOTOCO-EQ,4333.1,
2025-07-09 17:24:31,YESBANK-EQ,19.91,
2025-07-09 17:24:31,NAUKRI-EQ,1447.1,
2025-07-09 17:24:31,TORNTPOWER-EQ,1427.0,
2025-07-09 17:24:31,ASTRAL-EQ,1492.6,
2025-07-09 17:24:31,RECLTD-EQ,391.55,
2025-07-09 17:24:31,MANKIND-EQ,2526.6,
2025-07-09 17:24:31,PATANJALI-EQ,1660.6,
2025-07-09 17:24:31,ADANIPOWER-EQ,602.15,
2025-07-09 17:24:31,OIL-EQ,445.4,
2025-07-09 17:24:31,JUBLFOOD-EQ,682.95,
2025-07-09 17:24:31,PERSISTENT-EQ,5724.0,
2025-07-09 17:24:31,AUBANK-EQ,825.75,
2025-07-09 17:24:31,MAXHEALTH-EQ,1247.4,
2025-07-09 17:24:31,BANDHANBNK-EQ,178.02,
2025-07-09 17:24:31,TRENT-EQ,5408.0,
2025-07-09 17:24:31,DMART-EQ,4190.9,
2025-07-09 17:24:31,OBEROIRLTY-EQ,1831.1,
2025-07-09 17:24:31,MFSL-EQ,1563.7,
2025-07-09 17:24:31,MAHABANK-EQ,57.12,
2025-07-09 17:24:31,ABB-EQ,5898.0,
2025-07-09 17:24:31,MUTHOOTFIN-EQ,2645.6,
2025-07-09 17:24:31,LUPIN-EQ,1914.2,
2025-07-09 17:24:31,LT-EQ,3579.7,
2025-07-09 17:24:31,SUZLON-EQ,65.94,
2025-07-09 17:24:31,ONGC-EQ,243.35,
2025-07-09 17:24:31,GMRAIRPORT-EQ,92.8,
2025-07-09 17:24:31,HINDALCO-EQ,673.95,
2025-07-09 17:24:31,APOLLOHOSP-EQ,7469.0,
2025-07-09 17:24:31,ITC-EQ,419.45,
2025-07-09 17:24:31,SJVN-EQ,98.3,
2025-07-09 17:24:31,CUMMINSIND-EQ,3523.9,
2025-07-09 17:24:31,M&M-EQ,3176.3,
2025-07-09 17:24:31,TATATECH-EQ,703.95,
2025-07-09 17:24:31,WIPRO-EQ,267.8,
2025-07-09 17:24:31,HDFCAMC-EQ,5141.0,
2025-07-09 17:24:31,ICICIBANK-EQ,1431.9,
2025-07-09 17:24:31,BRITANNIA-EQ,5882.0,
2025-07-09 17:24:31,HUDCO-EQ,229.96,
2025-07-09 17:24:31,NYKAA-EQ,213.37,
2025-07-09 17:24:31,ICICIGI-EQ,2020.2,
2025-07-09 17:24:31,BOSCHLTD-EQ,35800.0,
2025-07-09 17:24:31,ABFRL-EQ,78.85,
2025-07-09 17:24:31,BAJAJHLDNG-EQ,13862.0,
2025-07-09 17:24:31,TIINDIA-EQ,2895.3,
2025-07-09 17:24:31,TATAPOWER-EQ,400.65,
2025-07-09 17:24:31,BHARATFORG-EQ,1261.5,
2025-07-09 17:24:31,BHEL-EQ,262.05,
2025-07-09 17:24:31,BANKBARODA-EQ,241.13,
2025-07-09 17:24:31,M&MFIN-EQ,270.3,
2025-07-09 17:24:31,AXISBANK-EQ,1164.7,
2025-07-09 17:24:31,POLICYBZR-EQ,1854.5,
2025-07-09 17:24:31,JINDALSTEL-EQ,944.8,
2025-07-09 17:24:31,ADANIPORTS-EQ,1443.0,
2025-07-09 17:24:31,COLPAL-EQ,2438.6,
2025-07-09 17:24:31,IOC-EQ,150.25,
2025-07-09 17:24:31,SBICARD-EQ,934.5,
2025-07-09 17:24:31,TVSMOTOR-EQ,2840.1,
2025-07-09 17:24:31,DRREDDY-EQ,1269.4,
2025-07-09 17:24:31,RVNL-EQ,385.1,
2025-07-09 17:24:31,DLF-EQ,829.65,
2025-07-09 17:24:31,APOLLOTYRE-EQ,473.9,
2025-07-09 17:24:31,ICICIPRULI-EQ,680.35,
2025-07-09 17:24:31,ABCAPITAL-EQ,273.3,
2025-07-09 17:24:31,DIXON-EQ,15710.0,
2025-07-09 17:24:31,HAL-EQ,5007.4,
2025-07-09 17:24:31,ESCORTS-EQ,3378.4,
2025-07-09 17:24:31,KPITTECH-EQ,1259.6,
2025-07-09 17:24:31,LICHSGFIN-EQ,604.15,
2025-07-09 17:24:31,BDL-EQ,1985.2,
2025-07-09 17:24:31,ASIANPAINT-EQ,2498.9,
2025-07-09 17:24:31,PREMIERENE-EQ,1074.1,
2025-07-09 17:24:31,SWIGGY-EQ,380.15,
2025-07-09 17:24:31,NTPCGREEN-EQ,107.37,
2025-07-09 17:24:31,SUPREMEIND-EQ,4194.7,
2025-07-09 17:24:31,TATACONSUM-EQ,1097.9,
2025-07-09 17:24:31,TATASTEEL-EQ,159.0,
2025-07-09 17:24:31,TITAN-EQ,3432.1,
2025-07-09 17:24:31,SHRIRAMFIN-EQ,681.05,
2025-07-09 17:24:31,MAZDOCK-EQ,3294.3,
2025-07-09 17:24:31,BAJAJFINSV-EQ,2026.4,
2025-07-09 17:24:31,LTIM-EQ,5329.5,
2025-07-09 17:24:31,JSWENERGY-EQ,514.9,
2025-07-09 17:24:31,NESTLEIND-EQ,2427.8,
2025-07-09 17:24:31,POLYCAB-EQ,6716.0,
2025-07-09 17:24:31,IREDA-EQ,165.91,
2025-07-09 17:24:31,ASHOKLEY-EQ,250.9,
2025-07-09 17:24:31,COCHINSHIP-EQ,2036.3,
2025-07-09 17:24:31,BHARTIHEXA-EQ,1785.9,
2025-07-09 17:24:31,TECHM-EQ,1614.8,
2025-07-09 17:24:31,HINDUNILVR-EQ,2423.4,
2025-07-09 17:24:31,INDIANB-EQ,638.8,
2025-07-09 17:24:31,PAGEIND-EQ,48590.0,
2025-07-09 17:24:31,MOTILALOFS-EQ,925.05,
2025-07-09 17:24:31,VMM-EQ,131.27,
2025-07-09 17:24:31,JIOFIN-EQ,329.85,
2025-07-09 17:24:31,KALYANKJIL-EQ,578.8,
2025-07-09 17:24:31,SHREECEM-EQ,31615.0,
2025-07-09 17:24:31,TATAMOTORS-EQ,692.8,
2025-07-09 17:24:31,BEL-EQ,417.65,
2025-07-09 17:24:31,MPHASIS-EQ,2863.9,
2025-07-09 17:24:31,NATIONALUM-EQ,186.23,
2025-07-09 17:24:31,IRFC-EQ,137.59,
2025-07-09 17:24:31,COALINDIA-EQ,387.45,
2025-07-09 17:24:31,SBILIFE-EQ,1814.9,
2025-07-09 17:24:31,LICI-EQ,946.0,
2025-07-09 17:24:31,WAAREEENER-EQ,3119.5,
2025-07-09 17:24:31,AUROPHARMA-EQ,1142.6,
2025-07-09 17:24:31,SRF-EQ,3280.5,
2025-07-09 17:24:31,TATAELXSI-EQ,6152.0,
2025-07-09 17:24:31,ADANIGREEN-EQ,995.2,
2025-07-09 17:24:31,VOLTAS-EQ,1366.9,
2025-07-09 17:24:31,MOTHERSON-EQ,154.92,
2025-07-09 17:24:31,GAIL-EQ,185.03,
2025-07-09 17:24:31,ETERNAL-EQ,264.55,
2025-07-09 17:24:31,ATGL-EQ,650.9,
2025-07-09 17:24:31,EXIDEIND-EQ,387.5,
2025-07-09 17:24:31,CIPLA-EQ,1491.7,
2025-07-09 17:24:31,MARICO-EQ,730.35,
2025-07-09 17:24:31,INDUSINDBK-EQ,840.75,
2025-07-09 17:24:31,GLENMARK-EQ,1818.8,
2025-07-09 17:24:31,SAIL-EQ,133.88,
2025-07-09 17:24:31,SBIN-EQ,810.95,
2025-07-09 17:24:31,VEDL-EQ,440.75,
2025-07-09 17:24:31,SIEMENS-EQ,3218.3,
2025-07-09 17:24:31,TORNTPHARM-EQ,3353.7,
2025-07-09 17:24:31,BANKINDIA-EQ,115.91,
2025-07-09 17:24:31,CONCOR-EQ,615.35,
2025-07-09 17:24:31,BPCL-EQ,348.5,
2025-07-09 17:24:31,PAYTM-EQ,907.7,
2025-07-09 17:24:31,CHOLAFIN-EQ,1563.1,
2025-07-09 17:24:31,CGPOWER-EQ,672.05,
2025-07-09 17:24:31,BAJFINANCE-EQ,940.6,
2025-07-09 17:24:31,SUNPHARMA-EQ,1669.4,
2025-07-09 17:24:31,TATACOMM-EQ,1761.2,
2025-07-09 17:24:31,SONACOMS-EQ,455.6,
2025-07-09 17:24:31,DABUR-EQ,522.15,
2025-07-09 17:24:31,EICHERMOT-EQ,5695.0,
2025-07-09 17:24:31,HAVELLS-EQ,1523.7,
2025-07-09 17:24:31,RELIANCE-EQ,1519.0,
2025-07-09 17:24:31,INDUSTOWER-EQ,405.15,
2025-07-09 17:24:31,LODHA-EQ,1390.1,
2025-07-09 17:24:31,HDFCLIFE-EQ,786.3,
2025-07-09 17:24:31,HCLTECH-EQ,1674.0,
2025-07-09 17:24:31,ZYDUSLIFE-EQ,978.45,
2025-07-09 17:26:36,ADANIENSOL-EQ,890.15,
2025-07-09 17:26:36,OFSS-EQ,8938.5,
2025-07-09 17:26:36,DIVISLAB-EQ,6983.5,
2025-07-09 17:26:36,MARUTI-EQ,12470.0,
2025-07-09 17:26:36,UPL-EQ,664.75,
2025-07-09 17:26:36,UNIONBANK-EQ,144.59,
2025-07-09 17:26:36,PETRONET-EQ,305.6,
2025-07-09 17:26:36,TCS-EQ,3383.8,
2025-07-09 17:26:36,INDIGO-EQ,5852.0,
2025-07-09 17:26:36,ALKEM-EQ,4805.4,
2025-07-09 17:26:36,BHARTIARTL-EQ,2019.7,
2025-07-09 17:26:36,CANBK-EQ,113.96,
2025-07-09 17:26:36,ULTRACEMCO-EQ,12562.0,
2025-07-09 17:26:36,COFORGE-EQ,1931.3,
2025-07-09 17:26:36,NTPC-EQ,344.0,
2025-07-09 17:26:36,HDFCBANK-EQ,2011.2,
2025-07-09 17:26:36,SOLARINDS-EQ,16502.0,
2025-07-09 17:26:36,HINDPETRO-EQ,445.45,
2025-07-09 17:26:36,POWERGRID-EQ,299.65,
2025-07-09 17:26:36,IRB-EQ,48.52,
2025-07-09 17:26:36,NMDC-EQ,67.9,
2025-07-09 17:26:36,INFY-EQ,1633.7,
2025-07-09 17:26:36,BAJAJ-AUTO-EQ,8361.0,
2025-07-09 17:26:36,VBL-EQ,465.75,
2025-07-09 17:26:36,KOTAKBANK-EQ,2229.3,
2025-07-09 17:26:36,MRF-EQ,150715.0,
2025-07-09 17:26:36,FEDERALBNK-EQ,213.89,
2025-07-09 17:26:36,UNITDSPR-EQ,1370.9,
2025-07-09 17:26:36,IGL-EQ,222.23,
2025-07-09 17:26:36,HINDZINC-EQ,425.0,
2025-07-09 17:26:36,PFC-EQ,417.75,
2025-07-09 17:26:36,AMBUJACEM-EQ,590.35,
2025-07-09 17:26:36,INDHOTEL-EQ,750.15,
2025-07-09 17:26:36,LTF-EQ,209.1,
2025-07-09 17:26:36,HYUNDAI-EQ,2091.0,
2025-07-09 17:26:36,PIDILITIND-EQ,3048.3,
2025-07-09 17:26:36,BSE-EQ,2523.8,
2025-07-09 17:26:36,PRESTIGE-EQ,1650.0,
2025-07-09 17:26:36,ACC-EQ,1990.6,
2025-07-09 17:26:36,PIIND-EQ,4168.4,
2025-07-09 17:26:36,OLAELEC-EQ,40.38,
2025-07-09 17:26:36,ADANIENT-EQ,2583.0,
2025-07-09 17:26:36,BAJAJHFL-EQ,121.33,
2025-07-09 17:26:36,APLAPOLLO-EQ,1708.3,
2025-07-09 17:26:36,BIOCON-EQ,373.55,
2025-07-09 17:26:36,JSWSTEEL-EQ,1040.4,
2025-07-09 17:26:36,IRCTC-EQ,786.05,
2025-07-09 17:26:36,GRASIM-EQ,2797.9,
2025-07-09 17:26:36,IDEA-EQ,7.26,
2025-07-09 17:26:36,PHOENIXLTD-EQ,1518.7,
2025-07-09 17:26:36,NHPC-EQ,88.29,
2025-07-09 17:26:36,GODREJCP-EQ,1293.8,
2025-07-09 17:26:36,GODREJPROP-EQ,2255.1,
2025-07-09 17:26:36,PNB-EQ,111.0,
2025-07-09 17:26:36,IDFCFIRSTB-EQ,77.45,
2025-07-09 17:26:36,HEROMOTOCO-EQ,4333.1,
2025-07-09 17:26:36,YESBANK-EQ,19.91,
2025-07-09 17:26:36,NAUKRI-EQ,1447.1,
2025-07-09 17:26:36,TORNTPOWER-EQ,1427.0,
2025-07-09 17:26:36,ASTRAL-EQ,1492.6,
2025-07-09 17:26:36,RECLTD-EQ,391.55,
2025-07-09 17:26:36,MANKIND-EQ,2526.6,
2025-07-09 17:26:36,PATANJALI-EQ,1660.6,
2025-07-09 17:26:36,ADANIPOWER-EQ,602.15,
2025-07-09 17:26:36,OIL-EQ,445.4,
2025-07-09 17:26:36,JUBLFOOD-EQ,682.95,
2025-07-09 17:26:36,PERSISTENT-EQ,5724.0,
2025-07-09 17:26:36,AUBANK-EQ,825.75,
2025-07-09 17:26:36,MAXHEALTH-EQ,1247.4,
2025-07-09 17:26:36,BANDHANBNK-EQ,178.02,
2025-07-09 17:26:36,TRENT-EQ,5408.0,
2025-07-09 17:26:36,DMART-EQ,4190.9,
2025-07-09 17:26:36,OBEROIRLTY-EQ,1831.1,
2025-07-09 17:26:36,MFSL-EQ,1563.7,
2025-07-09 17:26:36,MAHABANK-EQ,57.12,
2025-07-09 17:26:36,ABB-EQ,5898.0,
2025-07-09 17:26:36,MUTHOOTFIN-EQ,2645.6,
2025-07-09 17:26:36,LUPIN-EQ,1914.2,
2025-07-09 17:26:36,LT-EQ,3579.7,
2025-07-09 17:26:36,SUZLON-EQ,65.94,
2025-07-09 17:26:36,ONGC-EQ,243.35,
2025-07-09 17:26:36,GMRAIRPORT-EQ,92.8,
2025-07-09 17:26:36,HINDALCO-EQ,673.95,
2025-07-09 17:26:36,APOLLOHOSP-EQ,7469.0,
2025-07-09 17:26:36,ITC-EQ,419.45,
2025-07-09 17:26:36,SJVN-EQ,98.3,
2025-07-09 17:26:36,CUMMINSIND-EQ,3523.9,
2025-07-09 17:26:36,M&M-EQ,3176.3,
2025-07-09 17:26:36,TATATECH-EQ,703.95,
2025-07-09 17:26:36,WIPRO-EQ,267.8,
2025-07-09 17:26:36,HDFCAMC-EQ,5141.0,
2025-07-09 17:26:36,ICICIBANK-EQ,1431.9,
2025-07-09 17:26:36,BRITANNIA-EQ,5882.0,
2025-07-09 17:26:36,HUDCO-EQ,229.96,
2025-07-09 17:26:36,NYKAA-EQ,213.37,
2025-07-09 17:26:36,ICICIGI-EQ,2020.2,
2025-07-09 17:26:36,BOSCHLTD-EQ,35800.0,
2025-07-09 17:26:36,ABFRL-EQ,78.85,
2025-07-09 17:26:36,BAJAJHLDNG-EQ,13862.0,
2025-07-09 17:26:36,TIINDIA-EQ,2895.3,
2025-07-09 17:26:36,TATAPOWER-EQ,400.65,
2025-07-09 17:26:36,BHARATFORG-EQ,1261.5,
2025-07-09 17:26:36,BHEL-EQ,262.05,
2025-07-09 17:26:36,BANKBARODA-EQ,241.13,
2025-07-09 17:26:36,M&MFIN-EQ,270.3,
2025-07-09 17:26:36,AXISBANK-EQ,1164.7,
2025-07-09 17:26:36,POLICYBZR-EQ,1854.5,
2025-07-09 17:26:36,JINDALSTEL-EQ,944.8,
2025-07-09 17:26:36,ADANIPORTS-EQ,1443.0,
2025-07-09 17:26:36,COLPAL-EQ,2438.6,
2025-07-09 17:26:36,IOC-EQ,150.25,
2025-07-09 17:26:36,SBICARD-EQ,934.5,
2025-07-09 17:26:36,TVSMOTOR-EQ,2840.1,
2025-07-09 17:26:36,DRREDDY-EQ,1269.4,
2025-07-09 17:26:36,RVNL-EQ,385.1,
2025-07-09 17:26:36,DLF-EQ,829.65,
2025-07-09 17:26:36,APOLLOTYRE-EQ,473.9,
2025-07-09 17:26:36,ICICIPRULI-EQ,680.35,
2025-07-09 17:26:36,ABCAPITAL-EQ,273.3,
2025-07-09 17:26:36,DIXON-EQ,15710.0,
2025-07-09 17:26:36,HAL-EQ,5007.4,
2025-07-09 17:26:36,ESCORTS-EQ,3378.4,
2025-07-09 17:26:36,KPITTECH-EQ,1259.6,
2025-07-09 17:26:36,LICHSGFIN-EQ,604.15,
2025-07-09 17:26:36,BDL-EQ,1985.2,
2025-07-09 17:26:36,ASIANPAINT-EQ,2498.9,
2025-07-09 17:26:36,PREMIERENE-EQ,1074.1,
2025-07-09 17:26:36,SWIGGY-EQ,380.15,
2025-07-09 17:26:36,NTPCGREEN-EQ,107.37,
2025-07-09 17:26:36,SUPREMEIND-EQ,4194.7,
2025-07-09 17:26:36,TATACONSUM-EQ,1097.9,
2025-07-09 17:26:36,TATASTEEL-EQ,159.0,
2025-07-09 17:26:36,TITAN-EQ,3432.1,
2025-07-09 17:26:36,SHRIRAMFIN-EQ,681.05,
2025-07-09 17:26:36,MAZDOCK-EQ,3294.3,
2025-07-09 17:26:36,BAJAJFINSV-EQ,2026.4,
2025-07-09 17:26:36,LTIM-EQ,5329.5,
2025-07-09 17:26:36,JSWENERGY-EQ,514.9,
2025-07-09 17:26:36,NESTLEIND-EQ,2427.8,
2025-07-09 17:26:36,POLYCAB-EQ,6716.0,
2025-07-09 17:26:36,IREDA-EQ,165.91,
2025-07-09 17:26:36,ASHOKLEY-EQ,250.9,
2025-07-09 17:26:36,COCHINSHIP-EQ,2036.3,
2025-07-09 17:26:36,BHARTIHEXA-EQ,1785.9,
2025-07-09 17:26:36,TECHM-EQ,1614.8,
2025-07-09 17:26:36,HINDUNILVR-EQ,2423.4,
2025-07-09 17:26:36,INDIANB-EQ,638.8,
2025-07-09 17:26:36,PAGEIND-EQ,48590.0,
2025-07-09 17:26:36,MOTILALOFS-EQ,925.05,
2025-07-09 17:26:36,VMM-EQ,131.27,
2025-07-09 17:26:36,JIOFIN-EQ,329.85,
2025-07-09 17:26:36,KALYANKJIL-EQ,578.8,
2025-07-09 17:26:36,SHREECEM-EQ,31615.0,
2025-07-09 17:26:36,TATAMOTORS-EQ,692.8,
2025-07-09 17:26:36,BEL-EQ,417.65,
2025-07-09 17:26:36,MPHASIS-EQ,2863.9,
2025-07-09 17:26:36,NATIONALUM-EQ,186.23,
2025-07-09 17:26:36,IRFC-EQ,137.59,
2025-07-09 17:26:36,COALINDIA-EQ,387.45,
2025-07-09 17:26:36,SBILIFE-EQ,1814.9,
2025-07-09 17:26:36,LICI-EQ,946.0,
2025-07-09 17:26:36,WAAREEENER-EQ,3119.5,
2025-07-09 17:26:36,AUROPHARMA-EQ,1142.6,
2025-07-09 17:26:36,SRF-EQ,3280.5,
2025-07-09 17:26:36,TATAELXSI-EQ,6152.0,
2025-07-09 17:26:36,ADANIGREEN-EQ,995.2,
2025-07-09 17:26:36,VOLTAS-EQ,1366.9,
2025-07-09 17:26:36,MOTHERSON-EQ,154.92,
2025-07-09 17:26:36,GAIL-EQ,185.03,
2025-07-09 17:26:36,ETERNAL-EQ,264.55,
2025-07-09 17:26:36,ATGL-EQ,650.9,
2025-07-09 17:26:36,EXIDEIND-EQ,387.5,
2025-07-09 17:26:36,CIPLA-EQ,1491.7,
2025-07-09 17:26:36,MARICO-EQ,730.35,
2025-07-09 17:26:36,INDUSINDBK-EQ,840.75,
2025-07-09 17:26:36,GLENMARK-EQ,1818.8,
2025-07-09 17:26:36,SAIL-EQ,133.88,
2025-07-09 17:26:36,SBIN-EQ,810.95,
2025-07-09 17:26:36,VEDL-EQ,440.75,
2025-07-09 17:26:36,SIEMENS-EQ,3218.3,
2025-07-09 17:26:36,TORNTPHARM-EQ,3353.7,
2025-07-09 17:26:36,BANKINDIA-EQ,115.91,
2025-07-09 17:26:36,CONCOR-EQ,615.35,
2025-07-09 17:26:36,BPCL-EQ,348.5,
2025-07-09 17:26:36,PAYTM-EQ,907.7,
2025-07-09 17:26:36,CHOLAFIN-EQ,1563.1,
2025-07-09 17:26:36,CGPOWER-EQ,672.05,
2025-07-09 17:26:36,BAJFINANCE-EQ,940.6,
2025-07-09 17:26:36,SUNPHARMA-EQ,1669.4,
2025-07-09 17:26:36,TATACOMM-EQ,1761.2,
2025-07-09 17:26:36,SONACOMS-EQ,455.6,
2025-07-09 17:26:36,DABUR-EQ,522.15,
2025-07-09 17:26:36,EICHERMOT-EQ,5695.0,
2025-07-09 17:26:36,HAVELLS-EQ,1523.7,
2025-07-09 17:26:36,RELIANCE-EQ,1519.0,
2025-07-09 17:26:36,INDUSTOWER-EQ,405.15,
2025-07-09 17:26:36,LODHA-EQ,1390.1,
2025-07-09 17:26:36,HDFCLIFE-EQ,786.3,
2025-07-09 17:26:36,HCLTECH-EQ,1674.0,
2025-07-09 17:26:36,ZYDUSLIFE-EQ,978.45,
2025-07-09 17:28:30,ADANIENSOL-EQ,890.15,
2025-07-09 17:28:30,OFSS-EQ,8938.5,
2025-07-09 17:28:30,DIVISLAB-EQ,6983.5,
2025-07-09 17:28:30,MARUTI-EQ,12470.0,
2025-07-09 17:28:30,UPL-EQ,664.75,
2025-07-09 17:28:30,UNIONBANK-EQ,144.59,
2025-07-09 17:28:30,PETRONET-EQ,305.6,
2025-07-09 17:28:30,TCS-EQ,3383.8,
2025-07-09 17:28:30,INDIGO-EQ,5852.0,
2025-07-09 17:28:30,ALKEM-EQ,4805.4,
2025-07-09 17:28:30,BHARTIARTL-EQ,2019.7,
2025-07-09 17:28:30,CANBK-EQ,113.96,
2025-07-09 17:28:30,ULTRACEMCO-EQ,12562.0,
2025-07-09 17:28:30,COFORGE-EQ,1931.3,
2025-07-09 17:28:30,NTPC-EQ,344.0,
2025-07-09 17:28:30,HDFCBANK-EQ,2011.2,
2025-07-09 17:28:30,SOLARINDS-EQ,16502.0,
2025-07-09 17:28:30,HINDPETRO-EQ,445.45,
2025-07-09 17:28:30,POWERGRID-EQ,299.65,
2025-07-09 17:28:30,IRB-EQ,48.52,
2025-07-09 17:28:30,NMDC-EQ,67.9,
2025-07-09 17:28:30,INFY-EQ,1633.7,
2025-07-09 17:28:30,BAJAJ-AUTO-EQ,8361.0,
2025-07-09 17:28:30,VBL-EQ,465.75,
2025-07-09 17:28:30,KOTAKBANK-EQ,2229.3,
2025-07-09 17:28:30,MRF-EQ,150715.0,
2025-07-09 17:28:30,FEDERALBNK-EQ,213.89,
2025-07-09 17:28:30,UNITDSPR-EQ,1370.9,
2025-07-09 17:28:30,IGL-EQ,222.23,
2025-07-09 17:28:30,HINDZINC-EQ,425.0,
2025-07-09 17:28:30,PFC-EQ,417.75,
2025-07-09 17:28:30,AMBUJACEM-EQ,590.35,
2025-07-09 17:28:30,INDHOTEL-EQ,750.15,
2025-07-09 17:28:30,LTF-EQ,209.1,
2025-07-09 17:28:30,HYUNDAI-EQ,2091.0,
2025-07-09 17:28:30,PIDILITIND-EQ,3048.3,
2025-07-09 17:28:30,BSE-EQ,2523.8,
2025-07-09 17:28:30,PRESTIGE-EQ,1650.0,
2025-07-09 17:28:30,ACC-EQ,1990.6,
2025-07-09 17:28:30,PIIND-EQ,4168.4,
2025-07-09 17:28:30,OLAELEC-EQ,40.38,
2025-07-09 17:28:30,ADANIENT-EQ,2583.0,
2025-07-09 17:28:30,BAJAJHFL-EQ,121.33,
2025-07-09 17:28:30,APLAPOLLO-EQ,1708.3,
2025-07-09 17:28:30,BIOCON-EQ,373.55,
2025-07-09 17:28:30,JSWSTEEL-EQ,1040.4,
2025-07-09 17:28:30,IRCTC-EQ,786.05,
2025-07-09 17:28:30,GRASIM-EQ,2797.9,
2025-07-09 17:28:30,IDEA-EQ,7.26,
2025-07-09 17:28:30,PHOENIXLTD-EQ,1518.7,
2025-07-09 17:28:30,NHPC-EQ,88.29,
2025-07-09 17:28:30,GODREJCP-EQ,1293.8,
2025-07-09 17:28:30,GODREJPROP-EQ,2255.1,
2025-07-09 17:28:30,PNB-EQ,111.0,
2025-07-09 17:28:30,IDFCFIRSTB-EQ,77.45,
2025-07-09 17:28:30,HEROMOTOCO-EQ,4333.1,
2025-07-09 17:28:30,YESBANK-EQ,19.91,
2025-07-09 17:28:30,NAUKRI-EQ,1447.1,
2025-07-09 17:28:30,TORNTPOWER-EQ,1427.0,
2025-07-09 17:28:30,ASTRAL-EQ,1492.6,
2025-07-09 17:28:30,RECLTD-EQ,391.55,
2025-07-09 17:28:30,MANKIND-EQ,2526.6,
2025-07-09 17:28:30,PATANJALI-EQ,1660.6,
2025-07-09 17:28:30,ADANIPOWER-EQ,602.15,
2025-07-09 17:28:30,OIL-EQ,445.4,
2025-07-09 17:28:30,JUBLFOOD-EQ,682.95,
2025-07-09 17:28:30,PERSISTENT-EQ,5724.0,
2025-07-09 17:28:30,AUBANK-EQ,825.75,
2025-07-09 17:28:30,MAXHEALTH-EQ,1247.4,
2025-07-09 17:28:30,BANDHANBNK-EQ,178.02,
2025-07-09 17:28:30,TRENT-EQ,5408.0,
2025-07-09 17:28:30,DMART-EQ,4190.9,
2025-07-09 17:28:30,OBEROIRLTY-EQ,1831.1,
2025-07-09 17:28:30,MFSL-EQ,1563.7,
2025-07-09 17:28:30,MAHABANK-EQ,57.12,
2025-07-09 17:28:30,ABB-EQ,5898.0,
2025-07-09 17:28:30,MUTHOOTFIN-EQ,2645.6,
2025-07-09 17:28:30,LUPIN-EQ,1914.2,
2025-07-09 17:28:30,LT-EQ,3579.7,
2025-07-09 17:28:30,SUZLON-EQ,65.94,
2025-07-09 17:28:30,ONGC-EQ,243.35,
2025-07-09 17:28:30,GMRAIRPORT-EQ,92.8,
2025-07-09 17:28:30,HINDALCO-EQ,673.95,
2025-07-09 17:28:30,APOLLOHOSP-EQ,7469.0,
2025-07-09 17:28:30,ITC-EQ,419.45,
2025-07-09 17:28:30,SJVN-EQ,98.3,
2025-07-09 17:28:30,CUMMINSIND-EQ,3523.9,
2025-07-09 17:28:30,M&M-EQ,3176.3,
2025-07-09 17:28:30,TATATECH-EQ,703.95,
2025-07-09 17:28:30,WIPRO-EQ,267.8,
2025-07-09 17:28:30,HDFCAMC-EQ,5141.0,
2025-07-09 17:28:30,ICICIBANK-EQ,1431.9,
2025-07-09 17:28:30,BRITANNIA-EQ,5882.0,
2025-07-09 17:28:30,HUDCO-EQ,229.96,
2025-07-09 17:28:30,NYKAA-EQ,213.37,
2025-07-09 17:28:30,ICICIGI-EQ,2020.2,
2025-07-09 17:28:30,BOSCHLTD-EQ,35800.0,
2025-07-09 17:28:30,ABFRL-EQ,78.85,
2025-07-09 17:28:30,BAJAJHLDNG-EQ,13862.0,
2025-07-09 17:28:30,TIINDIA-EQ,2895.3,
2025-07-09 17:28:30,TATAPOWER-EQ,400.65,
2025-07-09 17:28:30,BHARATFORG-EQ,1261.5,
2025-07-09 17:28:30,BHEL-EQ,262.05,
2025-07-09 17:28:30,BANKBARODA-EQ,241.13,
2025-07-09 17:28:30,M&MFIN-EQ,270.3,
2025-07-09 17:28:30,AXISBANK-EQ,1164.7,
2025-07-09 17:28:30,POLICYBZR-EQ,1854.5,
2025-07-09 17:28:30,JINDALSTEL-EQ,944.8,
2025-07-09 17:28:30,ADANIPORTS-EQ,1443.0,
2025-07-09 17:28:30,COLPAL-EQ,2438.6,
2025-07-09 17:28:30,IOC-EQ,150.25,
2025-07-09 17:28:30,SBICARD-EQ,934.5,
2025-07-09 17:28:30,TVSMOTOR-EQ,2840.1,
2025-07-09 17:28:30,DRREDDY-EQ,1269.4,
2025-07-09 17:28:30,RVNL-EQ,385.1,
2025-07-09 17:28:30,DLF-EQ,829.65,
2025-07-09 17:28:30,APOLLOTYRE-EQ,473.9,
2025-07-09 17:28:30,ICICIPRULI-EQ,680.35,
2025-07-09 17:28:30,ABCAPITAL-EQ,273.3,
2025-07-09 17:28:30,DIXON-EQ,15710.0,
2025-07-09 17:28:30,HAL-EQ,5007.4,
2025-07-09 17:28:30,ESCORTS-EQ,3378.4,
2025-07-09 17:28:30,KPITTECH-EQ,1259.6,
2025-07-09 17:28:30,LICHSGFIN-EQ,604.15,
2025-07-09 17:28:30,BDL-EQ,1985.2,
2025-07-09 17:28:30,ASIANPAINT-EQ,2498.9,
2025-07-09 17:28:30,PREMIERENE-EQ,1074.1,
2025-07-09 17:28:30,SWIGGY-EQ,380.15,
2025-07-09 17:28:30,NTPCGREEN-EQ,107.37,
2025-07-09 17:28:30,SUPREMEIND-EQ,4194.7,
2025-07-09 17:28:30,TATACONSUM-EQ,1097.9,
2025-07-09 17:28:30,TATASTEEL-EQ,159.0,
2025-07-09 17:28:30,TITAN-EQ,3432.1,
2025-07-09 17:28:30,SHRIRAMFIN-EQ,681.05,
2025-07-09 17:28:30,MAZDOCK-EQ,3294.3,
2025-07-09 17:28:30,BAJAJFINSV-EQ,2026.4,
2025-07-09 17:28:30,LTIM-EQ,5329.5,
2025-07-09 17:28:30,JSWENERGY-EQ,514.9,
2025-07-09 17:28:30,NESTLEIND-EQ,2427.8,
2025-07-09 17:28:30,POLYCAB-EQ,6716.0,
2025-07-09 17:28:30,IREDA-EQ,165.91,
2025-07-09 17:28:30,ASHOKLEY-EQ,250.9,
2025-07-09 17:28:30,COCHINSHIP-EQ,2036.3,
2025-07-09 17:28:30,BHARTIHEXA-EQ,1785.9,
2025-07-09 17:28:30,TECHM-EQ,1614.8,
2025-07-09 17:28:30,HINDUNILVR-EQ,2423.4,
2025-07-09 17:28:30,INDIANB-EQ,638.8,
2025-07-09 17:28:30,PAGEIND-EQ,48590.0,
2025-07-09 17:28:30,MOTILALOFS-EQ,925.05,
2025-07-09 17:28:30,VMM-EQ,131.27,
2025-07-09 17:28:30,JIOFIN-EQ,329.85,
2025-07-09 17:28:30,KALYANKJIL-EQ,578.8,
2025-07-09 17:28:30,SHREECEM-EQ,31615.0,
2025-07-09 17:28:30,TATAMOTORS-EQ,692.8,
2025-07-09 17:28:30,BEL-EQ,417.65,
2025-07-09 17:28:30,MPHASIS-EQ,2863.9,
2025-07-09 17:28:30,NATIONALUM-EQ,186.23,
2025-07-09 17:28:30,IRFC-EQ,137.59,
2025-07-09 17:28:30,COALINDIA-EQ,387.45,
2025-07-09 17:28:30,SBILIFE-EQ,1814.9,
2025-07-09 17:28:30,LICI-EQ,946.0,
2025-07-09 17:28:30,WAAREEENER-EQ,3119.5,
2025-07-09 17:28:30,AUROPHARMA-EQ,1142.6,
2025-07-09 17:28:30,SRF-EQ,3280.5,
2025-07-09 17:28:30,TATAELXSI-EQ,6152.0,
2025-07-09 17:28:30,ADANIGREEN-EQ,995.2,
2025-07-09 17:28:30,VOLTAS-EQ,1366.9,
2025-07-09 17:28:30,MOTHERSON-EQ,154.92,
2025-07-09 17:28:30,GAIL-EQ,185.03,
2025-07-09 17:28:30,ETERNAL-EQ,264.55,
2025-07-09 17:28:30,ATGL-EQ,650.9,
2025-07-09 17:28:30,EXIDEIND-EQ,387.5,
2025-07-09 17:28:30,CIPLA-EQ,1491.7,
2025-07-09 17:28:30,MARICO-EQ,730.35,
2025-07-09 17:28:30,INDUSINDBK-EQ,840.75,
2025-07-09 17:28:30,GLENMARK-EQ,1818.8,
2025-07-09 17:28:30,SAIL-EQ,133.88,
2025-07-09 17:28:30,SBIN-EQ,810.95,
2025-07-09 17:28:30,VEDL-EQ,440.75,
2025-07-09 17:28:30,SIEMENS-EQ,3218.3,
2025-07-09 17:28:30,TORNTPHARM-EQ,3353.7,
2025-07-09 17:28:30,BANKINDIA-EQ,115.91,
2025-07-09 17:28:30,CONCOR-EQ,615.35,
2025-07-09 17:28:30,BPCL-EQ,348.5,
2025-07-09 17:28:30,PAYTM-EQ,907.7,
2025-07-09 17:28:30,CHOLAFIN-EQ,1563.1,
2025-07-09 17:28:30,CGPOWER-EQ,672.05,
2025-07-09 17:28:30,BAJFINANCE-EQ,940.6,
2025-07-09 17:28:30,SUNPHARMA-EQ,1669.4,
2025-07-09 17:28:30,TATACOMM-EQ,1761.2,
2025-07-09 17:28:30,SONACOMS-EQ,455.6,
2025-07-09 17:28:30,DABUR-EQ,522.15,
2025-07-09 17:28:30,EICHERMOT-EQ,5695.0,
2025-07-09 17:28:30,HAVELLS-EQ,1523.7,
2025-07-09 17:28:30,RELIANCE-EQ,1519.0,
2025-07-09 17:28:30,INDUSTOWER-EQ,405.15,
2025-07-09 17:28:30,LODHA-EQ,1390.1,
2025-07-09 17:28:30,HDFCLIFE-EQ,786.3,
2025-07-09 17:28:30,HCLTECH-EQ,1674.0,
2025-07-09 17:28:30,ZYDUSLIFE-EQ,978.45,
