token,symbol
10,ABAN-EQ
10217,ADANIENSOL-EQ
10579,MARKSANS-EQ
10637,OLECTRA-EQ
10690,NIFTYQLITY-EQ
10693,MOMENTUM-EQ
10738,OFSS-EQ
10940,DIVISLAB-EQ
10999,MARUTI-EQ
11287,UPL-EQ
11432,KRITINUT-EQ
1145,GIPCL-EQ
11538,HDFCMOMENT-EQ
11596,LINCOLN-EQ
11655,JBMA-EQ
11689,SUPRAJIT-EQ
11817,MANGALAM-EQ
11868,63MOONS-EQ
11892,VHL-EQ
11983,SASKEN-EQ
11987,ICIL-EQ
12072,SCPL-EQ
12173,HNDFDS-EQ
1267,GUJALKALI-EQ
1289,GFLLIMITED-EQ
13182,ROHLTD-EQ
10285,AYMSYNTEX-EQ
10453,SATIN-EQ
10508,MOHEALTH-EQ
10676,MNC-EQ
10700,SURANAT&P-EQ
10723,INFRAIETF-EQ
10753,UNIONBANK-EQ
10831,MOVALUINAV-EQ
10865,GVPTECH-EQ
10871,GRMOVER-EQ
11319,LICNETFN50-EQ
11325,MUKANDLTD-EQ
11351,PETRONET-EQ
11536,TCS-EQ
11580,WESTLIFE-EQ
11593,HDFCSENSEX-EQ
11602,INDSWFTLTD-EQ
11699,PATELENG-EQ
11821,WELCORP-EQ
11927,NECLIFE-EQ
12108,HDFCPVTBAN-EQ
1247,GSFC-EQ
12489,SWSOLAR-EQ
12578,FINIETF-EQ
12863,V1NSETEST-EQ
12913,SARVESHWAR-EQ
1313,HARRMALAYA-EQ
13139,EBBETF0433-EQ
13175,NITINSPIN-EQ
10227,MANORAMA-EQ
104,SHAREINDIA-EQ
10530,SHARDAMOTR-EQ
10557,NAVKARCORP-EQ
10590,LOYALTEX-EQ
10661,PONNIERODE-EQ
10876,HDFCSILVER-EQ
1110,DANGEE-EQ
11045,SATIA-EQ
11060,KSOLVES-EQ
11065,NATHBIOGEN-EQ
11195,INDIGO-EQ
11297,SIL-EQ
11423,DATAMATICS-EQ
11439,BANKBEES-EQ
11452,CCL-EQ
11522,NIITLTD-EQ
11571,PPLPHARMA-EQ
11573,FORCEMOT-EQ
11647,KOTARISUG-EQ
11703,ALKEM-EQ
1200,ESG-EQ
11975,RML-EQ
12015,AEROENTER-EQ
12032,FIVESTAR-EQ
1008,FACT-EQ
1041,FINPIPE-EQ
1053,UFLEX-EQ
10604,BHARTIARTL-EQ
10793,SYRMA-EQ
10794,CANBK-EQ
10825,MOVALUE-EQ
10859,DREAMFOLKS-EQ
11039,DCMNVL-EQ
11193,AXISILVER-EQ
11239,NSIL-EQ
11256,JAIBALAJI-EQ
1139,GICHSGFIN-EQ
11411,RKFORGE-EQ
11532,ULTRACEMCO-EQ
11543,COFORGE-EQ
1162,GTL-EQ
11582,TRACXN-EQ
11627,NARMADA-EQ
11630,NTPC-EQ
11654,LALPATHLAB-EQ
11763,JPPOWER-EQ
11798,ALLDIGI-EQ
1186,GLAND-EQ
11860,JKPAPER-EQ
11864,PRIMESECU-EQ
1190,FMGOETZE-EQ
11966,BIKAJI-EQ
12024,ACI-EQ
12384,ZIMLAB-EQ
12848,N1NSETEST-EQ
13061,360ONE-EQ
13091,EKC-EQ
13101,VIMTALABS-EQ
13116,QUICKHEAL-EQ
13260,KEC-EQ
13275,INDOTECH-EQ
12219,RUSTOMJEE-EQ
12533,AAATECH-EQ
12847,KRISHANA-EQ
13035,SAFARI-EQ
13218,SULA-EQ
13305,CENTURYPLY-EQ
13337,GALLANTT-EQ
13270,JKCEMENT-EQ
13288,AFSL-EQ
13290,BLKASHYAP-EQ
13310,KEI-EQ
1333,HDFCBANK-EQ
13332,SOLARINDS-EQ
13496,PFOCUS-EQ
13750,FLUOROCHEM-EQ
13753,MANOMAY-EQ
1406,HINDPETRO-EQ
14064,ASMS-EQ
14296,SEQUENT-EQ
14305,OSWALSEEDS-EQ
14398,AMDIND-EQ
14490,NCLIND-EQ
14523,ICRA-EQ
14567,BFUTILITIE-EQ
14597,ALPHAGEO-EQ
14599,GSLSU-EQ
14667,KMSUGAR-EQ
14751,021NSETEST-EQ
14977,POWERGRID-EQ
15146,JYOTHYLAB-EQ
15179,ECLERX-EQ
15214,DVL-EQ
15313,IRB-EQ
15332,NMDC-EQ
15347,GSS-EQ
154,APCOTEXIND-EQ
15409,NESCO-EQ
1594,INFY-EQ
1621,TATAINVEST-EQ
16669,BAJAJ-AUTO-EQ
16827,KOKUYOCMLN-EQ
16863,LPDC-EQ
16900,DPWIRES-EQ
16943,ASHOKAMET-EQ
17032,THYROCARE-EQ
17053,HMAAGRO-EQ
1720,JAYSREETEA-EQ
17105,SUMICHEM-EQ
17256,ALBERTDAVD-EQ
17272,SETFGOLD-EQ
1756,JINDALPOLY-EQ
17641,SUNTECK-EQ
17702,MIDSELIETF-EQ
17795,TREL-EQ
17939,HINDCOPPER-EQ
1802,JYOTISTRUC-EQ
18102,NIFTY1-EQ
18124,DBREALTY-EQ
18154,HATHWAY-EQ
18226,MANINFRA-EQ
18232,LORDSCHLO-EQ
18268,AEROFLEX-EQ
18279,HDFCLIQUID-EQ
18347,NIFMID150-EQ
18543,DIACABS-EQ
18908,PNBHOUSING-EQ
18921,VBL-EQ
18944,KINGFA-EQ
18962,RAJRATAN-EQ
19036,PODDARMENT-EQ
19073,AARVI-EQ
19084,ITBEES-EQ
1922,KOTAKBANK-EQ
19223,TCIEXP-EQ
19599,PRAKASHSTL-EQ
19679,GOLDIETF-EQ
19876,LGHL-EQ
20072,INFRABEES-EQ
20182,ASHOKA-EQ
20224,JWL-EQ
20560,DOLLAR-EQ
20642,JINDWORLD-EQ
21091,STARCEMENT-EQ
21427,THEINVEST-EQ
21726,MATRIMONY-EQ
21749,CAPACITE-EQ
22428,MAXIND-EQ
22602,PFS-EQ
22675,CAPITALSFB-EQ
2277,MRF-EQ
22930,PLATIND-EQ
23855,MIDSMALL-EQ
23915,LIQUIDBETF-EQ
2397,SANDHAR-EQ
24077,MID150CASE-EQ
24190,SYMPHONY-EQ
24225,RELAXO-EQ
24386,BANSALWIRE-EQ
1023,FEDERALBNK-EQ
13404,SUNTV-EQ
13436,LOKESHMACH-EQ
10447,UNITDSPR-EQ
13457,KAMDHENU-EQ
13491,JKLAKSHMI-EQ
10577,KRBL-EQ
10618,SADBHIN-EQ
13577,VOLTAMP-EQ
13644,BANKETFADD-EQ
1073,FOSECOIND-EQ
10733,SPORTKING-EQ
10761,SILVERADD-EQ
10768,OAL-EQ
13745,GTLINFRA-EQ
13791,PARSVNATH-EQ
13796,MANALIPETC-EQ
10925,GODREJIND-EQ
13890,HIRECT-EQ
10990,RADICO-EQ
13941,PRAENG-EQ
11149,SHRENIK-EQ
11165,COFFEEDAY-EQ
11212,SHK-EQ
13966,HBLENGINE-EQ
11236,JSL-EQ
11241,HDFCGROWTH-EQ
11262,IGL-EQ
13987,ABSLBANETF-EQ
14008,AVTNPL-EQ
11271,DREDGECORP-EQ
11275,TVTODAY-EQ
11374,TIPSFILMS-EQ
11394,ZOTA-EQ
14106,AUTOIND-EQ
14134,PITTIENG-EQ
11435,SPANDANA-EQ
11471,EXCELINDUS-EQ
1153,GLAXO-EQ
1424,HINDZINC-EQ
14230,HDFCBSE500-EQ
14245,TVSSRICHAK-EQ
14299,PFC-EQ
11667,DWARKESH-EQ
11677,INDOCO-EQ
14385,POCL-EQ
14435,JKTYRE-EQ
11778,GOKEX-EQ
11779,ACEINTEG-EQ
11794,SAKSOFT-EQ
11796,HPIL-EQ
11813,SHOPERSTOP-EQ
11856,SHAHALLOYS-EQ
1196,KANSAINER-EQ
11895,DCXINDIA-EQ
11956,MEDANTA-EQ
1467,AKZOINDIA-EQ
14672,NAVINFLUOR-EQ
11961,SEMAC-EQ
14813,ADSL-EQ
12101,HDFCNIFIT-EQ
12153,BBTCL-EQ
14848,ALPA-EQ
1235,GREAVESCOT-EQ
14982,CENTUM-EQ
15085,SILVERETF-EQ
12603,PRECAM-EQ
1270,AMBUJACEM-EQ
1512,INDHOTEL-EQ
12686,MBAPL-EQ
12749,DJML-EQ
15199,MANAKSIA-EQ
128,ROUTE-EQ
15239,BIRLAMONEY-EQ
12978,NPBET-EQ
13057,UNIPARTS-EQ
1530,INDIANHUME-EQ
13198,COMMOIETF-EQ
15337,RAIN-EQ
15377,PDMJEPAPER-EQ
15391,RACE-EQ
15414,TITAGARH-EQ
15420,ACL-EQ
1565,RVHL-EQ
15589,AVG-EQ
1630,IONEXCHANG-EQ
16589,VAISHALI-EQ
16696,GHCLTEXTIL-EQ
16921,20MICRONS-EQ
17145,AARTECH-EQ
17197,PAKKA-EQ
17207,ITETFADD-EQ
17395,SETF10GILT-EQ
17475,NV20IETF-EQ
17625,MOLDTECH-EQ
17801,LLOYDSENGG-EQ
17833,AHLUCONT-EQ
17839,GILLANDERS-EQ
17881,DBCORP-EQ
18026,SBFC-EQ
18029,MBLINFRA-EQ
18131,YASHO-EQ
1841,KCP-EQ
18520,CUPID-EQ
18566,RRKABEL-EQ
18614,SAMHI-EQ
18755,KALAMANDIR-EQ
19015,MVGJL-EQ
19020,JSWINFRA-EQ
19142,UMESLTD-EQ
19224,SENSEXETF-EQ
2442,NOCIL-EQ
24445,AGIIL-EQ
24532,FILATEX-EQ
24582,SANSTAR-EQ
24735,RPEL-EQ
24781,BSLNIFTY-EQ
24948,LTF-EQ
2513,BCLIND-EQ
25235,XTGLOBAL-EQ
25262,TOLINS-EQ
25426,NORTHARC-EQ
25482,TIJARIA-EQ
25597,MANBA-EQ
25672,DIFFNKG-EQ
25725,BANKPSU-EQ
25737,SRD-EQ
25844,HYUNDAI-EQ
25855,AFFORDABLE-EQ
25897,MINDACORP-EQ
25977,AFCONS-EQ
2664,PIDILITIND-EQ
27052,SAGILITY-EQ
2716,BUTTERFLY-EQ
19234,LAURUSLABS-EQ
19235,IMFA-EQ
19265,BLISSGVS-EQ
19289,MOM50-EQ
19401,BOROLTD-EQ
19585,BSE-EQ
19731,GPPL-EQ
19761,ADFFOODS-EQ
20086,CPCAP-EQ
20092,TASTYBITE-EQ
20152,ASKAUTOLTD-EQ
20203,URJA-EQ
20302,PRESTIGE-EQ
20372,FLAIR-EQ
20607,INOXINDIA-EQ
20698,SCHAND-EQ
2085,MAHSCOOTER-EQ
20854,HAPPYFORGE-EQ
20936,KIRLOSENG-EQ
21001,PSB-EQ
21195,GTPL-EQ
21623,APEX-EQ
22,ACC-EQ
22595,HDFCPSUBK-EQ
22846,GPTHEALTH-EQ
23066,GOPAL-EQ
2316,HEIDELBERG-EQ
23142,PVSL-EQ
23181,MOSMALL250-EQ
23407,LIQUIDADD-EQ
23447,181NSETEST-EQ
23480,SINCLAIR-EQ
23512,TARACHAND-EQ
23647,FILATFASH-EQ
23740,TBOTEK-EQ
23864,AWFIS-EQ
10074,EMAMIPAP-EQ
24184,PIIND-EQ
24231,OMINFRAL-EQ
1030,AARON-EQ
10243,SYNGENE-EQ
24378,RELIABLE-EQ
10310,AURUM-EQ
10346,DGCONTENT-EQ
10415,MUTHOOTCAP-EQ
10417,DYCL-EQ
10473,POWERMECH-EQ
10511,UTINIFTETF-EQ
10588,SHREEPUSHK-EQ
2472,OILCOUNTUB-EQ
10822,MOQUALITY-EQ
24777,OLAELEC-EQ
25,ADANIENT-EQ
24961,ORIENTTECH-EQ
25134,GALAPREC-EQ
25270,BAJAJHFL-EQ
255,NIRAJ-EQ
25684,JISLDVREQS-EQ
25780,APLAPOLLO-EQ
25786,KANANIIND-EQ
25800,GARUDA-EQ
2636,DIVOPPBEES-EQ
2649,PCBL-EQ
1100,GARFIBRES-EQ
2709,MTARTECH-EQ
11037,BANKIETF-EQ
11082,LIBAS-EQ
11220,VARDHACRLC-EQ
27144,BLACKBUCK-EQ
11255,HDFCQUAL-EQ
2717,PRECWIRE-EQ
11301,LUXIND-EQ
1134,APOLLO-EQ
11343,AFFLE-EQ
11355,PTC-EQ
11359,DHANBANK-EQ
11369,TTKHLTCARE-EQ
11373,BIOCON-EQ
11457,NV20-EQ
11511,CENTEXT-EQ
1336,HEG-EQ
11530,EMIL-EQ
11549,TEXINFRA-EQ
11705,XCHANGING-EQ
11723,JSWSTEEL-EQ
11731,CONSOFINVT-EQ
13451,RATNAMANI-EQ
13536,VIDHIING-EQ
11872,GRANULES-EQ
13585,ATLANTAA-EQ
13611,IRCTC-EQ
11896,GEOJITFSL-EQ
11905,GENUSPOWER-EQ
11932,FUSION-EQ
13710,FIEMIND-EQ
13720,JHS-EQ
11943,MCLEODRUSS-EQ
12092,KAYNES-EQ
12124,DOLATALGO-EQ
13870,KUANTUM-EQ
13875,JINDRILL-EQ
1232,GRASIM-EQ
1403,HINDOILEXP-EQ
14174,IZMO-EQ
14194,NINSYS-EQ
12842,G1NSETEST-EQ
14286,GOLDETF-EQ
14304,FSL-EQ
14329,SMSPHARMA-EQ
13081,TRIVENI-EQ
14334,HSCL-EQ
14366,IDEA-EQ
14480,GOKULAGRO-EQ
14552,PHOENIXLTD-EQ
1465,ACCURACY-EQ
14755,041NSETEST-EQ
14778,131NSETEST-EQ
14871,USK-EQ
14894,CENTRALBK-EQ
14957,MAGNUM-EQ
1515,INDIACEM-EQ
15119,EDELWEISS-EQ
15157,RHL-EQ
15308,SEPC-EQ
15356,GOLDETFADD-EQ
15362,VGUARD-EQ
15384,DHANI-EQ
1581,TARC-EQ
16192,PAVNAIND-EQ
1663,SUNDROP-EQ
16913,ARTEMISMED-EQ
17152,MIDCAPIETF-EQ
17186,SHRIPISTON-EQ
17187,CYIENTDLM-EQ
1726,JBCHEPHARM-EQ
17397,PREMEXPLN-EQ
17400,NHPC-EQ
17419,BANKETF-EQ
1011,SCHAEFFLER-EQ
10099,GODREJCP-EQ
17572,LIQUID-EQ
10176,SETFNIF50-EQ
10181,BALKRISHNA-EQ
17616,PSUBANKADD-EQ
17704,QUESS-EQ
17875,GODREJPROP-EQ
17945,COHANCE-EQ
18139,DOLPHIN-EQ
18142,EMMBI-EQ
18214,TEXMOPIPES-EQ
18284,HNGSNGBEES-EQ
10580,TCI-EQ
10585,MOM30IETF-EQ
18371,NDGL-EQ
184,TCPLPACK-EQ
1838,KARURVYSYA-EQ
10599,GUJGASLTD-EQ
10619,HDFCNEXT50-EQ
10633,HDFCNIF100-EQ
18391,RBLBANK-EQ
10666,PNB-EQ
10791,NUCLEUS-EQ
10905,GENESYS-EQ
10932,RADAAN-EQ
10945,TMB-EQ
18564,LTTS-EQ
18581,KIRLOSBROS-EQ
18593,EMSLIMITED-EQ
11050,SIRCA-EQ
11184,IDFCFIRSTB-EQ
18659,MARATHON-EQ
11226,BAGFILMS-EQ
18760,YATRA-EQ
18783,IDFNIFTYET-EQ
11399,SALZERELEC-EQ
11407,XPROINDIA-EQ
11441,LICNETFSEN-EQ
18967,KAPSTON-EQ
11566,DCI-EQ
11606,GUFICBIO-EQ
19205,HEADSUP-EQ
11618,ASTRAMICRO-EQ
11634,SALSTEEL-EQ
13359,KFINTECH-EQ
19218,VALIANTLAB-EQ
1348,HEROMOTOCO-EQ
13441,BALPHARMA-EQ
11787,GOYALALUM-EQ
11804,SUKHJITS-EQ
11829,SSWL-EQ
11840,NH-EQ
11852,SURYALAXMI-EQ
11915,YESBANK-EQ
13511,MUNJALAU-EQ
13631,SKYGOLD-EQ
13637,JMFINANCIL-EQ
13688,ACLGATI-EQ
13725,DCBBANK-EQ
13751,NAUKRI-EQ
13786,TORNTPOWER-EQ
13839,DONEAR-EQ
1315,GALAXYSURF-EQ
13982,JASH-EQ
13162,CELEBRITY-EQ
14154,UNOMINDA-EQ
14339,GANESHHOUC-EQ
14418,ASTRAL-EQ
14423,LAOPALA-EQ
14440,NAHARSPING-EQ
14511,BANSWRAS-EQ
14547,NDLVENTURE-EQ
14687,GOACARBON-EQ
14742,AXSENSEX-EQ
14747,011NSETEST-EQ
14762,061NSETEST-EQ
14781,141NSETEST-EQ
14786,LOWVOL-EQ
14858,GOLD1-EQ
1491,IFCI-EQ
14900,SAHYADRI-EQ
14952,INDOWIND-EQ
15034,BAJAJELEC-EQ
15073,BVCL-EQ
15124,KOLTEPATIL-EQ
15156,KALYANIFRG-EQ
15278,ONMOBILE-EQ
15303,BANG-EQ
15330,QGOLDHALF-EQ
15355,RECLTD-EQ
15380,MANKIND-EQ
15555,HCG-EQ
1576,GILLETTE-EQ
1597,INGERRAND-EQ
16683,DIGISPICE-EQ
16859,SINDHUTRAD-EQ
16908,TOUCHWOOD-EQ
16927,JOCIL-EQ
1708,JAYBARMARU-EQ
17029,PATANJALI-EQ
17044,SHARIABEES-EQ
17094,CROMPTON-EQ
17357,GKWLIMITED-EQ
17388,ADANIPOWER-EQ
17438,OIL-EQ
17477,CONTROLPR-EQ
17576,PVTBANKADD-EQ
17613,SENSEXADD-EQ
17742,BAFNAPH-EQ
17747,NIITMTS-EQ
17851,DLINKINDIA-EQ
17859,REDTAPE-EQ
17903,ABBOTINDIA-EQ
17987,TRF-EQ
1808,KAJARIACER-EQ
18096,JUBLFOOD-EQ
18151,TVSSCS-EQ
18208,ORIENTLTD-EQ
18252,SPAL-EQ
1835,KANORICHEM-EQ
18341,VPRPL-EQ
18365,PERSISTENT-EQ
18679,HPL-EQ
18822,ENDURANCE-EQ
18977,UNIVASTU-EQ
19126,KIOCL-EQ
19184,SFL-EQ
19196,TI-EQ
19531,BAJAJCON-EQ
19686,BLUEJET-EQ
19705,LIQUIDSBI-EQ
19783,MUFIN-EQ
201,UNIDT-EQ
20071,INTENTECH-EQ
20160,CANTABIL-EQ
20329,CGCL-EQ
20481,WIPL-EQ
20532,AXISGOLD-EQ
20831,MUTHOOTMF-EQ
20874,RBZJEWEL-EQ
20878,MUFTI-EQ
2112,MARALOVER-EQ
21238,AUBANK-EQ
21334,JYOTICNC-EQ
21406,AVADHSUGAR-EQ
21478,UTINEXT50-EQ
2176,AKG-EQ
21794,DAVANGERE-EQ
21957,INDTERRAIN-EQ
220,IEX-EQ
22365,ITIETF-EQ
22377,MAXHEALTH-EQ
10159,ORICONENT-EQ
10238,CONFIPET-EQ
22521,NIF5GETF-EQ
10297,PPL-EQ
22592,HEALTHADD-EQ
10350,CSLFINANCE-EQ
1038,FINCABLES-EQ
2263,BANDHANBNK-EQ
10397,JISLJALEQS-EQ
10406,STEELCITY-EQ
22649,PARKHOTELS-EQ
10457,ARVSMART-EQ
10576,NIFTYBEES-EQ
22832,SMALLCAP-EQ
10578,MPSLTD-EQ
2289,HLEGLAS-EQ
2294,MTNL-EQ
22901,GOLDCASE-EQ
2306,BESTAGRO-EQ
23043,RKSWAMY-EQ
2319,NCC-EQ
23184,MOREALTY-EQ
2328,CPSEETF-EQ
23402,SRM-EQ
10726,INDIAMART-EQ
10830,MOQLTYINAV-EQ
10922,OMAXAUTO-EQ
11027,INFOBEAN-EQ
11072,AGRITECH-EQ
11140,SUMIT-EQ
2435,CONSUMBEES-EQ
24226,STANLEY-EQ
24409,DHANUKA-EQ
24595,RUSHIL-EQ
24715,AKUMS-EQ
24742,CEIGALL-EQ
25178,TDPOWERSYS-EQ
25222,SANOFICONR-EQ
25252,KROSS-EQ
25258,EBANKNIFTY-EQ
25718,POLYMED-EQ
25724,RUPA-EQ
25744,METAL-EQ
263,ATUL-EQ
2711,PRECOT-EQ
27161,CINELINE-EQ
19299,ITDC-EQ
1949,KSB-EQ
19458,PLAZACABLE-EQ
1964,TRENT-EQ
19556,BHANDARI-EQ
19597,IRMENERGY-EQ
19795,CELLO-EQ
19867,AMNPLST-EQ
19913,DMART-EQ
2004,AHLADA-EQ
19943,DEEPAKNTR-EQ
20242,OBEROIRLTY-EQ
2028,LYKALABS-EQ
20321,SHANKARA-EQ
2048,INDIGOPNTS-EQ
20616,SUPERHOUSE-EQ
20822,SURAJEST-EQ
20950,RKDL-EQ
2107,STOVEKRAFT-EQ
2124,MASTEK-EQ
21275,SUMMITSEC-EQ
21362,SALASAR-EQ
11162,HARSHA-EQ
2142,MFSL-EQ
11223,UCOBANK-EQ
11253,WELSPUNLIV-EQ
21383,PALASHSECU-EQ
21401,TATAGOLD-EQ
21428,TATSILV-EQ
21551,SMSLIFE-EQ
11364,VAIBHAVGBL-EQ
11377,MAHABANK-EQ
11403,POONAWALLA-EQ
11445,PILANIINVS-EQ
21840,DIAMONDYD-EQ
11591,HDFCNIFTY-EQ
1164,NEWGEN-EQ
1181,GODFRYPHLP-EQ
1185,AMBER-EQ
11884,MANINDS-EQ
11919,MSPL-EQ
12022,AURIONPRO-EQ
12026,RENUKA-EQ
12034,BASML-EQ
21986,BANKBETF-EQ
12716,TEAMLEASE-EQ
13,ABB-EQ
13086,AIAENG-EQ
13147,PVRINOX-EQ
13192,ENIL-EQ
22233,DHUNINV-EQ
13197,GSPL-EQ
13211,JAGRAN-EQ
13236,SADBHAV-EQ
22433,HDFCNIFBAN-EQ
22440,UTIBANKETF-EQ
22477,NOVAAGRI-EQ
22524,NIF10GETF-EQ
22717,ENTERO-EQ
22739,MON100-EQ
2307,MUNJALSHOW-EQ
23621,JNKINDIA-EQ
23650,MUTHOOTFIN-EQ
23799,GODIGIT-EQ
23806,ABSLPSE-EQ
2412,PEL-EQ
24154,DEEDEV-EQ
100,ARE&M-EQ
10300,RAMASTEEL-EQ
10343,RADHIKAJWE-EQ
1044,AXISBNKETF-EQ
10407,KSHITIJPOL-EQ
10440,LUPIN-EQ
10485,RAMRAT-EQ
10512,CONS-EQ
10515,UTISENSETF-EQ
10634,ASAL-EQ
10717,TIMESGTY-EQ
1076,ZENSARTECH-EQ
1085,GABRIEL-EQ
10939,JUNIORBEES-EQ
11006,LIQUIDBEES-EQ
11032,SANGINITA-EQ
11155,CREATIVE-EQ
1127,GHCL-EQ
11260,HDFCVALUE-EQ
11293,UNIENTER-EQ
11309,BALAXI-EQ
11386,PVTBANIETF-EQ
11483,LT-EQ
11491,APARINDS-EQ
11496,AMBICAAGAR-EQ
11547,HDFCLOWVOL-EQ
11581,GULFPETRO-EQ
11626,WELENT-EQ
1168,GMBREW-EQ
1174,GNFC-EQ
11782,EVEREADY-EQ
11809,IIFL-EQ
11842,CYBERMEDIA-EQ
11971,GOLDIAM-EQ
11999,FCSSOFT-EQ
12000,FAZE3Q-EQ
12009,IMPAL-EQ
24461,EVINDIA-EQ
12018,SUZLON-EQ
24538,MAITHANALL-EQ
1250,CASTROLIND-EQ
2475,ONGC-EQ
24823,MANCREDIT-EQ
12841,11NSETEST-EQ
24870,INVENTURE-EQ
13072,IIFLCAPS-EQ
13082,SILVER1-EQ
13111,ORIENTCER-EQ
13126,REPRO-EQ
25017,BODALCHEM-EQ
13143,GSEC10IETF-EQ
2514,OSWALAGRO-EQ
25171,TOP10ADD-EQ
13400,BHAGERIA-EQ
13430,KELLTONTEC-EQ
25340,VASWANI-EQ
13501,ALLCARGO-EQ
13528,GMRAIRPORT-EQ
1363,HINDALCO-EQ
13648,TALBROAUTO-EQ
1372,HINDCOMPOS-EQ
25468,PAISALO-EQ
13735,GLOBALVECT-EQ
13821,RUCHIRA-EQ
25756,VIKASECO-EQ
14101,PTL-EQ
14150,BTML-EQ
25807,LLOYDSENT-EQ
14180,NSLNISP-EQ
14233,HDFCSML250-EQ
14319,TFL-EQ
25984,AVL-EQ
2610,PEARLPOLY-EQ
2614,HERANBA-EQ
2627,IT-EQ
14450,EMBDL-EQ
14459,LEXUS-EQ
1455,BIRLANU-EQ
2643,PFIZER-EQ
14501,BALAMINES-EQ
14535,GOLDSHARE-EQ
27037,TBZ-EQ
27047,MASTERTR-EQ
27075,LIQUIDPLUS-EQ
27079,KPEL-EQ
14772,101NSETEST-EQ
27171,RACLGEAR-EQ
14912,KPRMILL-EQ
14942,NAGREEKCAP-EQ
15032,PSUBNKBEES-EQ
15039,CERA-EQ
15067,BLAL-EQ
15129,RGL-EQ
1507,MOGSEC-EQ
15161,HITECHCORP-EQ
15204,ARIES-EQ
15234,AMBIKCO-EQ
15266,JKIL-EQ
15342,SHALPAINTS-EQ
157,APOLLOHOSP-EQ
1570,GMMPFAUDLR-EQ
15399,EIHAHOTELS-EQ
16045,PRINCEPIPE-EQ
28662,DAMCAPITAL-EQ
166,ANDHRAPAP-EQ
1660,ITC-EQ
28899,KITEX-EQ
16657,ANIKINDS-EQ
16682,PTCIL-EQ
16719,ALMONDZ-EQ
16819,QNIFTY-EQ
29124,PCJEWELLER-EQ
29251,ITCHOTELS-EQ
17181,NEXT50-EQ
17313,LLOYDSME-EQ
17547,AMRUTANJAN-EQ
29553,NIFTYIETF-EQ
17691,VIJIFIN-EQ
17758,SARDAEN-EQ
17764,REFEX-EQ
1797,AWHCL-EQ
2970,SURYODAY-EQ
17927,BAYERCROP-EQ
17999,UNITEDTEA-EQ
29758,MSCIINDIA-EQ
18118,THANGAMAYL-EQ
18119,SRGHFL-EQ
18220,KECL-EQ
1826,KAMATHOTEL-EQ
3010,AXISTECETF-EQ
30125,SAMMAANCAP-EQ
18417,RISHABH-EQ
18423,RATNAVEER-EQ
18431,BIGBLOC-EQ
18562,MITTAL-EQ
1879,CARYSIL-EQ
18883,SJVN-EQ
19,STYRENIX-EQ
3048,SCI-EQ
1901,CUMMINSIND-EQ
3066,SESHAPAPER-EQ
31017,THOMASCOTT-EQ
19322,HISARMETAL-EQ
3127,BARBEQUE-EQ
3129,TRANSWORLD-EQ
19410,ROSSARI-EQ
31181,MCX-EQ
19631,PRICOLLTD-EQ
19640,ALPHAETF-EQ
31507,JPOLYINVST-EQ
3247,NITIRAJ-EQ
19877,RADIOCITY-EQ
338,BALMLAWRIE-EQ
3389,AGARIND-EQ
3475,THERMAX-EQ
3570,UCAL-EQ
20223,CLEDUCATE-EQ
20257,ESILVER-EQ
2031,M&M-EQ
20293,TATATECH-EQ
3703,VIPIND-EQ
20413,IOLCP-EQ
3766,WHEELS-EQ
3787,WIPRO-EQ
3813,ARIHANTCAP-EQ
393,GLOBE-EQ
4041,JAYAGROGN-EQ
4064,CUBEXTUB-EQ
4244,HDFCAMC-EQ
445,5PAISA-EQ
4963,ICICIBANK-EQ
5143,JAICORPLTD-EQ
5186,STYLAMIND-EQ
5264,PDSL-EQ
5373,DEVYANI-EQ
5378,ASAHIINDIA-EQ
5407,CARTRADE-EQ
547,BRITANNIA-EQ
20621,PENIND-EQ
5606,INTLCONV-EQ
5614,GANESHBE-EQ
5622,ITDCEM-EQ
20778,JAMNAAUTO-EQ
578,LIKHITHA-EQ
5782,MASPTOP50-EQ
5851,BANKNIFTY1-EQ
5938,MONTECARLO-EQ
20788,MOTISONS-EQ
20825,HUDCO-EQ
20830,MOIL-EQ
6045,PASUPTAC-EQ
2106,MANGLMCEM-EQ
21154,ERIS-EQ
21247,DIGIDRIVE-EQ
21399,GANGESSECU-EQ
6227,DTIL-EQ
6232,3IINFOLTD-EQ
21423,MOM100-EQ
637,CHAMBLFERT-EQ
641,DNAMEDIA-EQ
6353,NIFTYETF-EQ
21469,OPTIEMUS-EQ
21501,SIS-EQ
21705,MEDIASSIST-EQ
6545,NYKAA-EQ
6792,SBC-EQ
21770,ICICIGI-EQ
2181,BOSCHLTD-EQ
6913,RPPL-EQ
703,DICIND-EQ
7048,HESTERBIO-EQ
7218,SBIETFQLTY-EQ
2814,ARVEE-EQ
28125,IKS-EQ
2829,ANURAS-EQ
2866,RCF-EQ
22255,NDRAUTO-EQ
28906,MAYURUNIQ-EQ
28913,ROSSELLIND-EQ
22488,NIFITETF-EQ
29087,QUADFUTURE-EQ
29171,LAXMIDENTL-EQ
22656,SIGNPOST-EQ
22670,RPTECH-EQ
22722,LICNMID100-EQ
29464,NEXT30ADD-EQ
22947,EXICOM-EQ
22980,MUKKA-EQ
29583,NATCAPSUQ-EQ
29624,AJAXENGG-EQ
2320,SMCGLOBAL-EQ
3001,BSE500IETF-EQ
30105,GOLD360-EQ
30108,ABFRL-EQ
23553,AIIL-EQ
30109,SELECTIPO-EQ
2388,NELCO-EQ
305,BAJAJHLDNG-EQ
312,TIINDIA-EQ
3138,HONDAPOWER-EQ
31258,NDL-EQ
24159,AFIL-EQ
3172,GILT5YBEES-EQ
3237,JTEKTINDIA-EQ
24292,VSTTILLERS-EQ
24308,ABDL-EQ
3396,TAINWALCHM-EQ
3426,TATAPOWER-EQ
3482,CLSEL-EQ
24524,SBINEQWETF-EQ
3579,UNICHEMLAB-EQ
24610,AVANTEL-EQ
3724,VSTIND-EQ
3748,WEIZMANIND-EQ
3757,VENKEYS-EQ
399,NIACL-EQ
4007,CORALFINAC-EQ
4201,SOMATEX-EQ
422,BHARATFORG-EQ
25073,RAYMONDLSL-EQ
438,BHEL-EQ
4394,MIRZAINT-EQ
4421,CREDITACC-EQ
4422,INDIANCARD-EQ
4469,ELECTHERM-EQ
4525,DYNAMATECH-EQ
4668,BANKBARODA-EQ
4809,KCPSUGIND-EQ
4870,INDSWFTLAB-EQ
5220,BFSI-EQ
5265,ALIVUS-EQ
27067,VSSL-EQ
530,BPL-EQ
5449,CHEMPLASTS-EQ
13285,M&MFIN-EQ
27297,RTNINDIA-EQ
13300,NITCO-EQ
13376,UTTAMSUGAR-EQ
5528,KOTHARIPRO-EQ
5610,ASTRAZEN-EQ
13560,GRINDWELL-EQ
13580,RADIANTCMS-EQ
13620,ANANTRAJ-EQ
13656,ALICON-EQ
13761,BBL-EQ
5900,AXISBANK-EQ
13816,LTFOODS-EQ
13826,SOBHA-EQ
6068,AIROLAM-EQ
13868,AARTIPHARM-EQ
6164,BHAGCHEM-EQ
13950,LIQUID1-EQ
14019,VEEDOL-EQ
6656,POLICYBZR-EQ
6733,JINDALSTEL-EQ
14058,SANGHVIMOV-EQ
14116,GANDHITUBE-EQ
14260,PGIL-EQ
7287,JTLIND-EQ
7374,STAR-EQ
144,GODREJAGRO-EQ
7411,NILASPACES-EQ
7518,TREJHARA-EQ
1448,HLVLTD-EQ
14485,THEMISMED-EQ
14584,PSUBNKIETF-EQ
14602,WEBELSOLAR-EQ
14677,GUJAPOLLO-EQ
1476,IDBI-EQ
14761,NELCAST-EQ
14764,071NSETEST-EQ
7325,DCMSRIND-EQ
14769,091NSETEST-EQ
14777,121NSETEST-EQ
14782,151NSETEST-EQ
14784,161NSETEST-EQ
739,COROMANDEL-EQ
7353,SETFNN50-EQ
7361,SETFNIFBK-EQ
14838,DECCANCE-EQ
1485,IFBIND-EQ
7463,MANAKSTEEL-EQ
7506,WOCKPHARMA-EQ
14992,CCCL-EQ
15083,ADANIPORTS-EQ
756150,SILVER360-EQ
15141,COLPAL-EQ
15184,BRIGADE-EQ
15271,CORDSCABLE-EQ
1607,GODHA-EQ
1624,IOC-EQ
1627,LINDEINDIA-EQ
1628,BECTORFOOD-EQ
16639,KIRIINDUS-EQ
16725,RPGLIFE-EQ
16783,GVT&D-EQ
16807,LOTUSEYE-EQ
17022,MAWANASUG-EQ
757478,SCODATUBES-EQ
757645,ATHERENERG-EQ
17307,AJMERA-EQ
17351,SALONA-EQ
757814,GROWWNET-EQ
17364,VINATIORGA-EQ
758595,INTERNET-EQ
17486,EXPLEOSOL-EQ
17598,ASALCBR-EQ
7844,AUTOIETF-EQ
7880,AUTOBEES-EQ
17685,GPTINFRA-EQ
7902,LFIC-EQ
17922,GEEKAYWIRE-EQ
17971,SBICARD-EQ
181,ARENTERP-EQ
1814,KPIL-EQ
8146,DEVIT-EQ
8311,BLUESTARCO-EQ
18292,IVZINGOLD-EQ
8479,TVSMOTOR-EQ
18571,GNA-EQ
8736,PNBGILTS-EQ
19025,KIRLOSIND-EQ
881,DRREDDY-EQ
19097,SILLYMONKS-EQ
19113,UDS-EQ
8825,PRIVISCL-EQ
8840,USHAMART-EQ
8944,RITCO-EQ
13276,LANDMARK-EQ
13352,MALUPAPER-EQ
9168,UTISXN50-EQ
13409,GPIL-EQ
8998,UMIYA-MRO-EQ
9116,INDOAMIN-EQ
13463,PIONEEREMB-EQ
9354,TAJGVK-EQ
9552,RVNL-EQ
9576,MAHESHWARI-EQ
13658,GEECEE-EQ
13776,GESHIP-EQ
13900,CREST-EQ
9889,SMARTLINK-EQ
13951,PARACABLES-EQ
13976,TANLA-EQ
14014,LUMAXTECH-EQ
14068,SAGCEM-EQ
1412,AGI-EQ
14198,TIMKEN-EQ
14255,REDINGTON-EQ
14479,DIVGIITTS-EQ
14582,SRHHYPOLTD-EQ
14702,NAGREEKEXP-EQ
14732,DLF-EQ
14745,ADVANIHOTR-EQ
14758,051NSETEST-EQ
14767,081NSETEST-EQ
14774,111NSETEST-EQ
14788,SPARC-EQ
14937,CIEINDIA-EQ
1508,ASTERDM-EQ
15068,RELIGARE-EQ
15151,MADHAV-EQ
15180,KIRLPNU-EQ
15219,PATINTLOG-EQ
15283,KNRCON-EQ
15295,VIRINCHI-EQ
15419,DPSCLTD-EQ
15883,HINDWAREAP-EQ
163,APOLLOTYRE-EQ
16713,UBL-EQ
16795,ARCHIDPLY-EQ
16915,ZFCVINDIA-EQ
16933,INDBANK-EQ
17271,SENCO-EQ
17358,UTKARSHBNK-EQ
17424,GLOBUSSPR-EQ
17603,MAHEPC-EQ
17675,ALOKINDS-EQ
17700,LTGILTBEES-EQ
17728,ASTEC-EQ
17778,ATL-EQ
17794,SOMICONVEY-EQ
17957,MMTC-EQ
18086,DBL-EQ
1811,KAKATCEM-EQ
18110,VASCONEQ-EQ
18321,LGBBROSLTD-EQ
18359,SANDUMA-EQ
18652,ICICIPRULI-EQ
18721,NUVAMA-EQ
19279,THEJO-EQ
20134,RAMKY-EQ
20188,WABAG-EQ
20323,RESPONIND-EQ
2049,CHENNPETRO-EQ
20527,PRUDMOULI-EQ
20551,DOMS-EQ
20776,BHAGYANGR-EQ
20956,SUNCLAY-EQ
21077,SURANASOL-EQ
21113,BFINVEST-EQ
21339,STEELXIND-EQ
21392,MAGADSUGAR-EQ
21484,STEL-EQ
21614,ABCAPITAL-EQ
21690,DIXON-EQ
2202,MIRCELECTR-EQ
22277,WORTH-EQ
22423,TOTAL-EQ
2256,PENINLAND-EQ
22663,JSFB-EQ
22730,VSTL-EQ
756843,ABLBL-EQ
2303,HAL-EQ
23027,LANCORHOL-EQ
2313,MURUDCERA-EQ
2331,JAYNECOIND-EQ
757520,BLUSPRING-EQ
23365,SABTNL-EQ
23729,AADHARHFC-EQ
7979,MAKEINDIA-EQ
8469,MITCON-EQ
8477,XELPMOC-EQ
8687,MUKTAARTS-EQ
8797,OBCL-EQ
8882,TNIDETF-EQ
9087,PIXTRANS-EQ
2385,NAVNETEDUL-EQ
913,EQUITASBNK-EQ
9111,ARVINDFASN-EQ
958,ESCORTS-EQ
9408,RAINBOW-EQ
9592,VENUSPIPES-EQ
9617,SPLPETRO-EQ
9668,HIKAL-EQ
2406,NEULANDLAB-EQ
9683,KPITTECH-EQ
24081,TOP100CASE-EQ
9750,ETHOSLTD-EQ
24321,VRAJ-EQ
981,EPL-EQ
9867,NEXTMEDIA-EQ
9879,CHEVIOT-EQ
24398,EMCURE-EQ
9917,NEOGEN-EQ
24730,RUBFILA-EQ
2535,PGHH-EQ
25358,PGEL-EQ
25398,ARKADE-EQ
25403,WCIL-EQ
2606,LEMONTREE-EQ
270,CHEMCON-EQ
1923,WEALTH-EQ
1927,LIQUIDETF-EQ
19543,HDFCGOLD-EQ
19691,JITFINFRA-EQ
19813,HONASA-EQ
19933,EGOLD-EQ
1997,LICHSGFIN-EQ
20159,ARIHANTSUP-EQ
2018,LUMAXIND-EQ
20303,GANDHAR-EQ
20547,BBNPPGOLD-EQ
2073,VTL-EQ
21119,KICL-EQ
21131,TEJASNET-EQ
21174,CDSL-EQ
21252,AXISNIFTY-EQ
2144,BDL-EQ
21578,COMSYN-EQ
2183,SUNDARMHLD-EQ
21828,TEXRAIL-EQ
21951,HFCL-EQ
2241,MODTHREAD-EQ
22415,LOVABLE-EQ
22463,EPACK-EQ
2259,MOREPENLAB-EQ
2283,MRPL-EQ
236,ASIANPAINT-EQ
23590,GLOSTERLTD-EQ
23804,BSLGOLDETF-EQ
27839,SAILIFE-EQ
24014,BOROSCI-EQ
24117,BBNPNBETF-EQ
24196,VADILALIND-EQ
24217,IVZINNIFTY-EQ
24265,ESTER-EQ
28952,DUCON-EQ
2431,RAILTEL-EQ
2439,NKIND-EQ
24404,ABGSEC-EQ
29284,VMART-EQ
29459,MOSCHIP-EQ
24798,GROWWEV-EQ
2496,ORIENTPPR-EQ
24944,MODEFENCE-EQ
29666,HEXT-EQ
2988,SANDESH-EQ
29872,GROWWN200-EQ
25049,PREMIERENE-EQ
25114,STYLEBAAZA-EQ
25328,APLLTD-EQ
25392,PANAMAPET-EQ
25574,SHAKTIPUMP-EQ
25584,TRITURBINE-EQ
25606,MOMENTUM50-EQ
2562,HUHTAMAKI-EQ
30472,AONELIQUID-EQ
25758,GROWWDEFNC-EQ
25835,VINCOFE-EQ
31107,DBSTOCKBRO-EQ
2687,POLYPLEX-EQ
2705,PRAJIND-EQ
27008,HEXATRADEX-EQ
3162,SIMPLEXINF-EQ
27066,SWIGGY-EQ
27084,KMEW-EQ
27097,NIVABUPA-EQ
27107,SPECIALITY-EQ
27176,NTPCGREEN-EQ
3357,SUPERSPIN-EQ
3363,SUPREMEIND-EQ
3384,SWARAJENG-EQ
34,ADOR-EQ
341,BALRAMCHIN-EQ
3432,TATACONSUM-EQ
3499,TATASTEEL-EQ
3506,TITAN-EQ
3509,TNPETRO-EQ
3530,AXISBPSETF-EQ
13510,AKASH-EQ
13587,ACE-EQ
3626,HEALTHIETF-EQ
1360,HIMATSEIDE-EQ
13598,SELAN-EQ
3646,VARDMNPOLY-EQ
3672,SOLARA-EQ
13643,ELECON-EQ
13702,VISHWARAJ-EQ
3761,RITES-EQ
3812,ZEEL-EQ
385,MAHLOG-EQ
3906,CAPLIPOINT-EQ
3980,TNPL-EQ
13810,GREENPANEL-EQ
4176,ZENITHEXPO-EQ
4179,SUNDRMBRAK-EQ
4306,SHRIRAMFIN-EQ
4378,SENSEXIETF-EQ
4529,NEXT50IETF-EQ
4598,HERITGFOOD-EQ
14111,NETWORK18-EQ
14203,HUBTOWN-EQ
4843,SNOWMAN-EQ
4892,SAREGAMA-EQ
4953,ADROITINFO-EQ
14223,TIIL-EQ
14236,HDFCMID150-EQ
14278,ORIENTBELL-EQ
4992,SHARDACROP-EQ
14361,APOLLOPIPE-EQ
509,MAZDOCK-EQ
513,BOMDYEING-EQ
1442,SANOFI-EQ
5239,MAHAPEXLTD-EQ
5306,FMCGIETF-EQ
14518,ABSLLIQUID-EQ
5401,NGIL-EQ
5475,GRSE-EQ
14657,INSECTICID-EQ
5516,JAIPURKURT-EQ
14753,031NSETEST-EQ
14766,V2RETAIL-EQ
5732,AXISCETF-EQ
5748,CYIENT-EQ
14890,AKI-EQ
14908,KDDL-EQ
14922,PURVA-EQ
1494,RBA-EQ
6218,SIKKO-EQ
15007,MANGCHEFER-EQ
15044,DELTACORP-EQ
6297,HEALTHY-EQ
15061,PSUBANK-EQ
15174,TARIL-EQ
6385,CCHHL-EQ
15404,ATAM-EQ
1547,RKEC-EQ
6782,NIPPOBATRY-EQ
1593,MGEL-EQ
15840,LATTEYS-EQ
6944,GANECOS-EQ
6961,MENONBE-EQ
1614,FAIRCHEMOR-EQ
6994,BSOFT-EQ
1633,IPCALAB-EQ
16395,MMP-EQ
7109,JMA-EQ
16675,BAJAJFINSV-EQ
714,SHALBY-EQ
1672,HGINFRA-EQ
1675,ITI-EQ
7145,ANANDRATHI-EQ
16705,GOKUL-EQ
1681,IVP-EQ
16822,IKIO-EQ
7227,MAPMYINDIA-EQ
7254,MEDPLUS-EQ
16959,ALKALI-EQ
7339,ABSLNN50ET-EQ
7420,MANAKALUCO-EQ
7451,NIFTY50ADD-EQ
17130,PARAGMILK-EQ
17263,ARMANFIN-EQ
17270,ASPINWALL-EQ
17279,BLS-EQ
756015,CIFL-EQ
17333,MHRIL-EQ
17376,EXCEL-EQ
756324,NPST-EQ
17534,MGL-EQ
17651,POKARNA-EQ
17722,DEN-EQ
17738,YATHARTH-EQ
17808,QUAL30IETF-EQ
17818,LTIM-EQ
17869,JSWENERGY-EQ
17933,BEARDSELL-EQ
17963,NESTLEIND-EQ
18039,ADVENZYMES-EQ
18060,CONCORDBIO-EQ
757614,ARISINFRA-EQ
18250,PYRAMID-EQ
757781,TOP15IETF-EQ
18457,POWERINDIA-EQ
18553,JLHL-EQ
18608,ZAGGLE-EQ
7848,BIL-EQ
7852,INOXWIND-EQ
18644,DIAMINESQ-EQ
7936,AVANTIFEED-EQ
8075,DALBHARAT-EQ
18931,SUNDARAM-EQ
8110,AWL-EQ
8163,SPENCERS-EQ
8175,SAGARDEEP-EQ
19211,HMVL-EQ
19237,MONIFTY500-EQ
193,ARVIND-EQ
857,DHAMPURSUG-EQ
8696,VRLLOG-EQ
8866,CHOICEIN-EQ
8937,E2E-EQ
19646,MAXESTATES-EQ
8968,HARIOMPIPE-EQ
1979,LMW-EQ
19878,ESAFSFB-EQ
9253,NILAINFRA-EQ
9309,STLTECH-EQ
9385,PNCINFRA-EQ
20063,SASTASUNDR-EQ
9590,POLYCAB-EQ
20110,GREENPOWER-EQ
20261,IREDA-EQ
203,ASHAPURMIN-EQ
999,EUROTEXIND-EQ
2043,RAMCOCEM-EQ
20534,GRAVITA-EQ
2056,HOMEFIRST-EQ
2088,MAHSEAMLES-EQ
212,ASHOKLEY-EQ
21314,DYNPRO-EQ
21508,COCHINSHIP-EQ
21750,LIQUIDCASE-EQ
21959,NIFTYBETF-EQ
22344,ALPL30IETF-EQ
23127,SCILAL-EQ
23489,BHARTIHEXA-EQ
1338,SDBL-EQ
13381,KKCL-EQ
13414,RSYSTEMS-EQ
13517,EMAMILTD-EQ
13522,NECCLTD-EQ
13538,TECHM-EQ
136,ANDHRSUGAR-EQ
13756,SHIVAMAUTO-EQ
13794,BAIDFIN-EQ
13844,MMFL-EQ
13880,BANCOINDIA-EQ
1394,HINDUNILVR-EQ
13920,PLASTIBLEN-EQ
13925,NFL-EQ
14003,ZEEMEDIA-EQ
14086,IGPL-EQ
14096,SIYSIL-EQ
14309,INDIANB-EQ
14413,PAGEIND-EQ
14428,GOLDBEES-EQ
14557,AROGRANITE-EQ
14592,FORTIS-EQ
14607,TGBHOTELS-EQ
14707,TIMETECHNO-EQ
14712,HGS-EQ
14771,TARMAT-EQ
1480,REPL-EQ
14843,VIPCLOTHNG-EQ
14853,OMAXE-EQ
1497,SHIVAMILLS-EQ
14938,GSEC10YEAR-EQ
14947,MOTILALOFS-EQ
14966,CSBBANK-EQ
14972,KSCL-EQ
15058,AVALON-EQ
15136,KAUSHALYA-EQ
1521,INDIAGLYCO-EQ
15228,UJJIVANSFB-EQ
15229,LICNFNHGP-EQ
15254,CEATLTD-EQ
16123,BHARATWIRE-EQ
16249,INFIBEAM-EQ
16253,EBBETF0430-EQ
27969,VMM-EQ
28046,MOBIKWIK-EQ
2841,LXCHEM-EQ
16777,SILVRETF-EQ
17140,IDEAFORGE-EQ
2909,RICOAUTO-EQ
17433,NETWEB-EQ
17520,RTNPOWER-EQ
17541,DAMODARIND-EQ
17635,ZYDUSWELL-EQ
2912,RIIL-EQ
18011,WHIRLPOOL-EQ
18143,JIOFIN-EQ
29452,AGARWALEYE-EQ
29472,PROTEAN-EQ
2955,KALYANKJIL-EQ
18479,ISFT-EQ
29731,GUJTHEM-EQ
18743,SIGNATURE-EQ
18866,MAZDA-EQ
18889,KSL-EQ
30023,ATULAUTO-EQ
30065,MOCAPITAL-EQ
1919,KOPRAN-EQ
19061,MANAPPURAM-EQ
19111,NBIFIN-EQ
30139,CASHIETF-EQ
19438,AHLEAST-EQ
19578,UGARSUGAR-EQ
19633,ITETF-EQ
199,MASFIN-EQ
3088,INDOSTAR-EQ
19931,ORISSAMINE-EQ
3103,SHREECEM-EQ
3291,STARPAPER-EQ
3324,SUBROS-EQ
3327,SUDARSCHEM-EQ
3345,SUNDRMFAST-EQ
350,BANARISUG-EQ
3456,TATAMOTORS-EQ
24366,SBISILVER-EQ
24403,ASHIANA-EQ
368,BASF-EQ
24533,OILIETF-EQ
3827,ZUARIIND-EQ
2463,MIDHANI-EQ
4,21STCENMGM-EQ
383,BEL-EQ
3834,BHARATRAS-EQ
24809,UNIECOM-EQ
24814,FIRSTCRY-EQ
24861,METALIETF-EQ
436,IFGLEXPOR-EQ
4344,PUNJABCHEM-EQ
24966,SURAJLTD-EQ
4503,MPHASIS-EQ
25060,ECOSMOBLTY-EQ
25203,BALAJEE-EQ
48,HAPPSTMNDS-EQ
4934,IPL-EQ
25447,GROWWLIQID-EQ
5054,GRINFRA-EQ
25626,UYFINCORP-EQ
5114,SGIL-EQ
5162,TATVA-EQ
25690,DSSL-EQ
527,UTIAMC-EQ
5426,NUVOCO-EQ
5501,YUKEN-EQ
25892,DBEIL-EQ
2595,3PLAND-EQ
2598,AMJLAND-EQ
5585,VIJAYA-EQ
2616,SEAMECLTD-EQ
2708,PRAKASH-EQ
27061,ACMESOLAR-EQ
27213,EIEL-EQ
6062,LICNETFGSC-EQ
20178,AKSHARCHEM-EQ
20196,BEDMUTHA-EQ
6364,NATIONALUM-EQ
2029,IRFC-EQ
20322,FEDFINA-EQ
6446,CONSUMIETF-EQ
6568,LAXMICOT-EQ
20374,COALINDIA-EQ
6803,STEELCAS-EQ
6848,GREENLAM-EQ
20556,INDIASHLTR-EQ
7,AARTIIND-EQ
20760,RPPINFRA-EQ
20877,PSPPROJECT-EQ
20905,AZAD-EQ
7276,UDAICEMENT-EQ
742,COSMOFIRST-EQ
7422,MONQ50-EQ
7553,NRBBEARING-EQ
21062,INNOVACAP-EQ
21254,LOWVOLIETF-EQ
7560,UNITEDPOLY-EQ
21740,CHOLAHLDNG-EQ
21808,SBILIFE-EQ
757049,RAJOOENG-EQ
757431,MOPSE-EQ
22239,EBBETF0431-EQ
757443,MOTOUR-EQ
22360,MCL-EQ
757754,PICCADIL-EQ
757767,SAMBHV-EQ
757772,HDBFS-EQ
757817,MOMIDMTM-EQ
2268,MOTOGENFIN-EQ
7603,CMSINFO-EQ
22824,JUNIPER-EQ
805,DCM-EQ
23056,JGCHEM-EQ
811,DCMSHRIRAM-EQ
817,DCW-EQ
8342,GSEC5IETF-EQ
8510,GATEWAY-EQ
23446,171NSETEST-EQ
23693,INDGN-EQ
8727,SHAILY-EQ
8806,SONAMLTD-EQ
916,EIDPARRY-EQ
24025,KRONOX-EQ
9348,IOB-EQ
24067,IXIGO-EQ
940,PGHL-EQ
24145,RETAIL-EQ
9480,LICI-EQ
2421,NILKAMAL-EQ
24374,LIQUIDSHRI-EQ
9810,AETHER-EQ
9874,GOLDTECH-EQ
24847,GSEC10ABSL-EQ
2493,ORIENTHOT-EQ
24856,SSDL-EQ
24969,WINDMACHIN-EQ
25080,MULTICAP-EQ
25162,EUREKAFORB-EQ
25312,PNGJL-EQ
25503,INDOUS-EQ
25640,LICMFGOLD-EQ
25643,KRN-EQ
25851,VAL30IETF-EQ
25872,GROWWGOLD-EQ
25907,WAAREEENER-EQ
25996,EMULTIMQ-EQ
27095,SWANENERGY-EQ
27303,SAMPANN-EQ
275,AUROPHARMA-EQ
27334,SURAKSHA-EQ
2792,EASEMYTRIP-EQ
2794,RSWM-EQ
27754,INNOVANA-EQ
2844,RANEHOLDIN-EQ
2868,HITECH-EQ
28714,TRANSRAILL-EQ
28805,SANATHAN-EQ
29256,DENTA-EQ
29439,SUPREME-EQ
29487,NIBE-EQ
29598,REPCOHOME-EQ
29975,AONETOTAL-EQ
30089,ORIENTCEM-EQ
30323,ESSENTIA-EQ
3252,SPIC-EQ
3273,SRF-EQ
3316,MODISONLTD-EQ
3405,TATACHEM-EQ
3411,TATAELXSI-EQ
3496,TIRUMALCHM-EQ
3563,ADANIGREEN-EQ
3607,UNIVCABLES-EQ
3718,VOLTAS-EQ
3772,WILLAMAGOR-EQ
3880,SOMANYCERA-EQ
4010,PVP-EQ
4040,EIMCOELECO-EQ
4055,PANACEABIO-EQ
4105,SILINV-EQ
4204,MOTHERSON-EQ
4279,DENORA-EQ
4491,JCHAC-EQ
4587,RAMCOIND-EQ
4594,KOTHARIPET-EQ
471,OSWALGREEN-EQ
4693,SHYAMMETL-EQ
4717,GAIL-EQ
4747,INDNIPPON-EQ
495,BLUEDART-EQ
4986,IRCON-EQ
5097,ETERNAL-EQ
522,ICICIB22-EQ
5194,ANTGRAPHIC-EQ
5382,EPIGRAL-EQ
5394,MOL-EQ
5701,CUB-EQ
5751,SANSERA-EQ
5911,PARAS-EQ
6066,ATGL-EQ
6125,GOODLUCK-EQ
6198,FCL-EQ
6407,LAMBODHARA-EQ
6462,TECH-EQ
634,IGARASHI-EQ
676,EXIDEIND-EQ
6713,MOLDTKPAC-EQ
694,CIPLA-EQ
6973,DMCC-EQ
7053,ACCELYA-EQ
708,SHRADHA-EQ
7083,STARHEALTH-EQ
755881,EVIETF-EQ
756038,WAAREERTL-EQ
757,CRISIL-EQ
757099,MOMGF-EQ
757102,BELRISE-EQ
757850,CRIZAC-EQ
758173,PROSTARM-EQ
758300,GROWWLOVOL-EQ
79,ALEMBICLTD-EQ
804,SHIVATEX-EQ
8054,KTKBANK-EQ
8083,CROWN-EQ
8132,BLBLIMITED-EQ
822,BANKA-EQ
8167,MANYAVAR-EQ
827,DEEPAKFERT-EQ
8304,PRITI-EQ
926,ORCHPHARMA-EQ
9039,UFO-EQ
9046,AGROPHOS-EQ
937,ELGIEQUIP-EQ
9288,KRITIKA-EQ
9362,CAMPUS-EQ
9667,MEDICO-EQ
9641,KHANDSE-EQ
2783,JUBLINGREA-EQ
28847,VENTIVE-EQ
28879,CARRARO-EQ
28888,SENORES-EQ
29050,ZUARI-EQ
29224,ONESOURCE-EQ
2969,SAKHTISUG-EQ
29711,QPOWER-EQ
2972,ORIENTELEC-EQ
2987,NAZARA-EQ
3002,WONDERLA-EQ
30155,AXISVALUE-EQ
3018,SAURASHCEM-EQ
3022,SDL26BEES-EQ
30455,SPECTRUM-EQ
308,BAJAJHIND-EQ
3078,SHANTIGEAR-EQ
3099,SHREDIGCEM-EQ
31138,COMPUSOFT-EQ
31837,SREEL-EQ
324,ANGELONE-EQ
3375,SURYAROSNI-EQ
371,BATAINDIA-EQ
3727,ANMOL-EQ
380,BBTC-EQ
3821,ZODIACLOTH-EQ
3837,TOKYOPLAST-EQ
3892,HATSUN-EQ
3908,PREMIERPOL-EQ
40,AEGISLOG-EQ
404,BERGEPAINT-EQ
3963,GOCLCORP-EQ
4014,NAVA-EQ
4067,MARICO-EQ
419,BEPL-EQ
425,KHADIM-EQ
489,ICEMAKE-EQ
4898,FDC-EQ
5049,CLEAN-EQ
5142,CIGNITITEC-EQ
5258,INDUSINDBK-EQ
5359,KRSNAA-EQ
5366,WINDLAS-EQ
5428,TRIGYN-EQ
5578,ACUTAAS-EQ
5865,LAGNAM-EQ
5948,SOUTHBANK-EQ
595,CARBORUNIV-EQ
6278,MEDICAMEQ-EQ
6286,GULPOLY-EQ
6596,SONATSOFTW-EQ
6600,GENUSPAPER-EQ
6663,SIGACHI-EQ
6818,LATENTVIEW-EQ
6908,VISHNU-EQ
701,HEMIPROP-EQ
7030,ASIANENE-EQ
7169,MICEL-EQ
7177,RATEGAIN-EQ
7211,JETFREIGHT-EQ
7242,METROBRAND-EQ
7376,HPAL-EQ
7401,RAJESHEXPO-EQ
7406,GLENMARK-EQ
277,GICRE-EQ
2739,PRSMJOHNSN-EQ
2799,CHEMFAB-EQ
2816,RALLIS-EQ
2837,RANASUG-EQ
28764,CEWATER-EQ
28969,CONSUMER-EQ
29098,DDEVPLSTIK-EQ
29423,MOHITIND-EQ
29527,GROWWRAIL-EQ
2963,SAIL-EQ
29678,BAJAJINDEF-EQ
2997,SANGHIIND-EQ
29962,JUSTDIAL-EQ
3009,KOHINOOR-EQ
30274,SILVERCASE-EQ
3045,SBIN-EQ
30392,NIF100IETF-EQ
30469,MID150-EQ
3063,VEDL-EQ
3149,BORORENEW-EQ
3150,SIEMENS-EQ
3321,SPMLINFRA-EQ
3403,AJOONI-EQ
3507,MAFANG-EQ
3518,TORNTPHARM-EQ
3546,TTKPRESTIG-EQ
3637,JUBLPHARMA-EQ
3744,FINEORG-EQ
3857,VARROC-EQ
3918,NATCOPHARM-EQ
4391,GULFOILLUB-EQ
4299,STERTOOLS-EQ
4548,GUJRAFFIA-EQ
4745,BANKINDIA-EQ
4749,CONCOR-EQ
4822,DODLA-EQ
4847,KIMS-EQ
4920,HINDCON-EQ
4957,GANGAFORGE-EQ
5204,GMDCLTD-EQ
526,BPCL-EQ
5292,PRITIKAUTO-EQ
592,GRAPHITE-EQ
6006,COASTCORP-EQ
6040,EIFFL-EQ
628,CESC-EQ
6606,EQUAL50ADD-EQ
6579,FINOPB-EQ
6705,PAYTM-EQ
6711,IVC-EQ
685,CHOLAFIN-EQ
6964,GOCOLORS-EQ
7016,SHIVALIK-EQ
7074,MAHKTECH-EQ
715,HEUBACHIND-EQ
7200,SHRIRAMPPS-EQ
7358,DATAPATTNS-EQ
740,SBIETFIT-EQ
7390,SUPRIYA-EQ
756802,OSWALPUMPS-EQ
757167,MONEXT50-EQ
7627,SHREERAMA-EQ
758563,ELLEN-EQ
7780,BCONCEPTS-EQ
7838,NETF-EQ
7862,GEPIL-EQ
7965,MALLCOM-EQ
8050,MAHLIFE-EQ
8413,MIDCAPETF-EQ
8546,CHALET-EQ
8827,AVROIND-EQ
8828,GAEL-EQ
8890,VERANDA-EQ
9014,ANUP-EQ
9117,TIPSMUSIC-EQ
9305,STARTECK-EQ
9356,MSTCLTD-EQ
9428,SKIPPER-EQ
955,ESABINDIA-EQ
9599,DELHIVERY-EQ
9741,PARADEEP-EQ
9847,NV20BEES-EQ
7412,ALPHA-EQ
7413,MANAKCOAT-EQ
756086,GROWWMOM50-EQ
756871,ENRIN-EQ
757515,DIGITIDE-EQ
760,CGPOWER-EQ
7679,MONARCH-EQ
7982,GRWRHITECH-EQ
809,BSHSL-EQ
8124,AJANTPHARM-EQ
8159,FIBERWEB-EQ
8596,MSUMI-EQ
8614,INDOBORAX-EQ
8632,LOWVOL1-EQ
874,ASTRON-EQ
9049,ROTO-EQ
9553,PRUDENT-EQ
9581,METROPOLIS-EQ
9652,RELCHEMQ-EQ
9685,TRIDENT-EQ
9862,WEWIN-EQ
9902,AXITA-EQ
9921,ALANKIT-EQ
2809,RAJSREESUG-EQ
2854,CRAFTSMAN-EQ
28314,ANUHPHR-EQ
28378,IGIL-EQ
2859,RAYMOND-EQ
29008,TVSHLTD-EQ
29019,ECAPINSURE-EQ
29113,CARERATING-EQ
29482,MCLOUD-EQ
29577,NIF100BEES-EQ
30134,PRABHA-EQ
3021,SOTL-EQ
3024,JINDALSAW-EQ
317,BAJFINANCE-EQ
3186,SKFINDIA-EQ
335,BALKRISIND-EQ
3348,SUNFLAG-EQ
3351,SUNPHARMA-EQ
3387,SMLISUZU-EQ
347,BANARBEADS-EQ
357,NAM-INDIA-EQ
3481,THOMASCOOK-EQ
3586,MOKSH-EQ
3676,VESUVIUS-EQ
3694,VINDHYATEL-EQ
3715,VLSFINANCE-EQ
3721,TATACOMM-EQ
395,BEML-EQ
3965,REMSONSIND-EQ
3987,GREENPLY-EQ
4127,SAMBHAAV-EQ
4184,SANGAMIND-EQ
426,BHARATGEAR-EQ
4235,WENDT-EQ
4410,JAGSNPHARM-EQ
4487,ALKYLAMINE-EQ
4684,SONACOMS-EQ
474,3MINDIA-EQ
480,BIRLACORPN-EQ
4907,ENGINERSIN-EQ
5108,KPIGREEN-EQ
5168,SBIETFCON-EQ
5507,SERVOTECH-EQ
583,CANFINHOME-EQ
5633,J&KBANK-EQ
5926,INTELLECT-EQ
6018,ABSLAMC-EQ
625,ABREL-EQ
6302,APOLSINHOT-EQ
6445,TECHNOE-EQ
6489,IRIS-EQ
6543,GRPLTD-EQ
6718,SAPPHIRE-EQ
6843,SMLT-EQ
722,SBIETFPB-EQ
7457,HAVISHA-EQ
756020,TINNARUBR-EQ
756827,GROWWSLVR-EQ
757014,THELEELA-EQ
757031,MOINFRA-EQ
757096,AONENIFTY-EQ
772,DABUR-EQ
7672,IMAGICAA-EQ
781,DALMIASUG-EQ
7835,WEL-EQ
7942,SILVERIETF-EQ
8077,MIDCAP-EQ
8080,SILVERBEES-EQ
8266,SOFTTECH-EQ
8529,GMRP&UI-EQ
8585,NLCINDIA-EQ
8591,AKSHOPTFBR-EQ
8652,VETO-EQ
8953,ELDEHSG-EQ
910,EICHERMOT-EQ
928,ELECTCAST-EQ
9422,SILVERTUC-EQ
9756,EMUDHRA-EQ
9819,HAVELLS-EQ
278,AUTOAXLES-EQ
28687,MAMATA-EQ
2885,RELIANCE-EQ
28859,PROZONER-EQ
29135,INDUSTOWER-EQ
2939,RUBYMILLS-EQ
29590,JUBLCPL-EQ
29687,UNIONGOLD-EQ
29877,VIVIDHA-EQ
29944,NIFTY100EW-EQ
30121,EQUAL200-EQ
30290,SBIBPB-EQ
31163,RHIM-EQ
31415,NBCC-EQ
3220,LODHA-EQ
3292,DEEPINDS-EQ
3329,ISGEC-EQ
3339,SUNDARMFIN-EQ
3417,HONAUT-EQ
342,CAMS-EQ
3466,TFCILTD-EQ
3608,AXISHCETF-EQ
381,SINTERCOM-EQ
3799,WSTCSTPAPR-EQ
3972,PARASPETRO-EQ
4481,AARTIDRUGS-EQ
467,HDFCLIFE-EQ
4656,SBCL-EQ
4751,INDRAMEDCO-EQ
4838,LIQUIDIETF-EQ
4911,MADRASFERT-EQ
4973,PHARMABEES-EQ
5068,SHEMAROO-EQ
5279,ROLEXRINGS-EQ
5313,UGROCAP-EQ
5385,AAVAS-EQ
5435,APTUS-EQ
5957,BSLSENETFG-EQ
619,CENTENKA-EQ
6643,SJS-EQ
6863,BAJAJHCARE-EQ
6943,TARSONS-EQ
7105,TEGA-EQ
7196,BBETF0432-EQ
7229,HCLTECH-EQ
7456,MIDQ50ADD-EQ
7508,ZENTEC-EQ
756900,MON50EQUAL-EQ
756925,PRIMO-EQ
757142,EQUAL50-EQ
757336,AEGISVOPAK-EQ
757455,SNXT30BEES-EQ
757919,BORANA-EQ
758558,KALPATARU-EQ
7886,MHLXMIRU-EQ
7929,ZYDUSLIFE-EQ
8003,SILVER-EQ
8119,RPSGVENT-EQ
8153,MEGASTAR-EQ
8182,MOMOMENTUM-EQ
8506,MID150BEES-EQ
8654,MOLOWVOL-EQ
919,EIHOTEL-EQ
9219,TPLPLASTEH-EQ
936,DPABHUSHAN-EQ
9897,AIRAN-EQ
9931,VIKASLIFE-EQ
