time,open,high,low,close,volume
2025-07-08T09:15:00+05:30,1537.0,1538.9,1535.0,1537.2,73436
2025-07-08T09:16:00+05:30,1537.2,1540.0,1536.9,1539.8,53627
2025-07-08T09:17:00+05:30,1539.8,1540.2,1538.2,1539.5,76159
2025-07-08T09:18:00+05:30,1540.0,1540.0,1537.9,1539.3,33642
2025-07-08T09:19:00+05:30,1539.5,1539.5,1538.0,1539.0,19743
2025-07-08T09:20:00+05:30,1539.0,1539.8,1538.5,1539.2,14622
2025-07-08T09:21:00+05:30,1539.2,1539.6,1538.6,1539.5,20431
2025-07-08T09:22:00+05:30,1539.5,1539.8,1539.0,1539.8,11272
2025-07-08T09:23:00+05:30,1539.8,1541.2,1539.7,1541.2,19648
2025-07-08T09:24:00+05:30,1541.0,1541.0,1540.0,1540.0,13834
2025-07-08T09:25:00+05:30,1540.0,1540.2,1539.0,1539.3,13299
2025-07-08T09:26:00+05:30,1539.0,1539.3,1538.4,1538.8,5643
2025-07-08T09:27:00+05:30,1538.9,1538.9,1536.3,1536.8,16745
2025-07-08T09:28:00+05:30,1536.8,1536.8,1535.6,1536.7,16503
2025-07-08T09:29:00+05:30,1536.7,1537.1,1536.5,1536.9,10694
2025-07-08T09:30:00+05:30,1537.0,1538.5,1536.9,1538.4,13280
2025-07-08T09:31:00+05:30,1538.1,1538.6,1537.8,1538.2,8670
2025-07-08T09:32:00+05:30,1538.4,1538.8,1537.5,1538.2,27363
2025-07-08T09:33:00+05:30,1538.2,1538.2,1537.1,1537.5,22198
2025-07-08T09:34:00+05:30,1537.1,1537.4,1537.0,1537.2,7401
2025-07-08T09:35:00+05:30,1537.2,1537.2,1535.8,1536.3,17731
2025-07-08T09:36:00+05:30,1536.4,1536.5,1535.5,1535.5,18285
2025-07-08T09:37:00+05:30,1535.6,1536.4,1535.1,1536.0,49612
2025-07-08T09:38:00+05:30,1536.0,1536.1,1535.3,1535.7,7559
2025-07-08T09:39:00+05:30,1535.7,1535.8,1535.0,1535.1,9081
2025-07-08T09:40:00+05:30,1535.1,1535.1,1534.6,1534.8,29774
2025-07-08T09:41:00+05:30,1534.8,1536.6,1534.8,1536.1,22274
2025-07-08T09:42:00+05:30,1536.1,1536.8,1536.1,1536.8,8230
2025-07-08T09:43:00+05:30,1536.8,1537.4,1536.7,1537.4,12139
2025-07-08T09:44:00+05:30,1537.4,1537.4,1535.2,1535.3,21173
2025-07-08T09:45:00+05:30,1535.7,1536.5,1535.0,1536.1,19768
2025-07-08T09:46:00+05:30,1536.5,1537.3,1536.1,1537.0,11819
2025-07-08T09:47:00+05:30,1536.7,1537.0,1535.5,1535.9,7142
2025-07-08T09:48:00+05:30,1535.8,1536.0,1535.6,1535.7,3487
2025-07-08T09:49:00+05:30,1535.9,1536.3,1535.7,1536.0,3936
2025-07-08T09:50:00+05:30,1536.0,1536.0,1535.9,1535.9,4946
2025-07-08T09:51:00+05:30,1536.0,1536.0,1535.5,1535.9,4871
2025-07-08T09:52:00+05:30,1535.9,1535.9,1535.3,1535.4,7955
2025-07-08T09:53:00+05:30,1535.6,1536.3,1535.5,1536.3,12095
2025-07-08T09:54:00+05:30,1536.3,1536.4,1535.3,1535.5,11102
2025-07-08T09:55:00+05:30,1535.4,1536.0,1535.4,1536.0,6687
2025-07-08T09:56:00+05:30,1536.0,1536.1,1535.8,1536.0,7268
2025-07-08T09:57:00+05:30,1535.9,1536.0,1535.7,1536.0,2619
2025-07-08T09:58:00+05:30,1536.0,1536.0,1535.3,1535.3,3544
2025-07-08T09:59:00+05:30,1535.3,1535.4,1535.3,1535.4,12643
2025-07-08T10:00:00+05:30,1535.3,1535.4,1535.0,1535.4,9425
2025-07-08T10:01:00+05:30,1535.4,1537.2,1535.3,1537.2,30451
2025-07-08T10:02:00+05:30,1537.3,1537.5,1536.1,1536.6,7656
2025-07-08T10:03:00+05:30,1536.6,1537.1,1536.6,1537.1,5853
2025-07-08T10:04:00+05:30,1537.1,1537.2,1536.9,1537.1,3977
2025-07-08T10:05:00+05:30,1537.0,1537.2,1537.0,1537.2,3608
2025-07-08T10:06:00+05:30,1537.2,1537.2,1536.9,1537.0,3735
2025-07-08T10:07:00+05:30,1537.1,1537.1,1536.4,1536.6,6604
2025-07-08T10:08:00+05:30,1536.6,1536.6,1536.1,1536.3,3182
2025-07-08T10:09:00+05:30,1536.3,1536.4,1536.0,1536.3,3449
2025-07-08T10:10:00+05:30,1536.4,1536.7,1536.0,1536.5,23090
2025-07-08T10:11:00+05:30,1536.5,1536.6,1536.1,1536.1,7569
2025-07-08T10:12:00+05:30,1536.2,1536.5,1536.1,1536.5,2702
2025-07-08T10:13:00+05:30,1536.5,1536.5,1535.2,1535.2,17013
2025-07-08T10:14:00+05:30,1535.3,1536.5,1535.0,1536.5,14368
2025-07-08T10:15:00+05:30,1536.5,1536.5,1536.3,1536.5,3748
2025-07-08T10:16:00+05:30,1536.5,1536.5,1536.4,1536.5,2836
2025-07-08T10:17:00+05:30,1536.5,1536.6,1536.4,1536.5,6875
2025-07-08T10:18:00+05:30,1536.5,1536.8,1536.5,1536.6,10194
2025-07-08T10:19:00+05:30,1536.6,1537.3,1536.6,1537.1,9901
2025-07-08T10:20:00+05:30,1537.2,1537.2,1536.4,1536.8,16140
2025-07-08T10:21:00+05:30,1536.8,1537.0,1536.0,1536.0,7765
2025-07-08T10:22:00+05:30,1536.0,1536.7,1535.4,1536.4,10671
2025-07-08T10:23:00+05:30,1536.4,1537.0,1535.5,1535.8,7235
2025-07-08T10:24:00+05:30,1535.8,1536.0,1535.2,1535.4,4899
2025-07-08T10:25:00+05:30,1535.4,1535.9,1535.4,1535.7,3179
2025-07-08T10:26:00+05:30,1535.8,1535.8,1535.0,1535.2,7898
2025-07-08T10:27:00+05:30,1535.2,1535.8,1535.2,1535.4,7805
2025-07-08T10:28:00+05:30,1535.7,1535.8,1535.4,1535.5,3150
2025-07-08T10:29:00+05:30,1535.5,1535.5,1535.4,1535.4,3572
2025-07-08T10:30:00+05:30,1535.4,1535.5,1535.4,1535.4,5766
2025-07-08T10:31:00+05:30,1535.5,1535.5,1535.2,1535.4,4468
2025-07-08T10:32:00+05:30,1535.4,1535.6,1535.2,1535.6,6364
2025-07-08T10:33:00+05:30,1535.6,1535.6,1535.2,1535.6,5100
2025-07-08T10:34:00+05:30,1535.4,1535.6,1534.6,1535.2,25185
2025-07-08T10:35:00+05:30,1535.6,1535.9,1535.4,1535.9,6454
2025-07-08T10:36:00+05:30,1535.8,1536.0,1535.3,1535.9,9078
2025-07-08T10:37:00+05:30,1536.0,1536.7,1535.9,1536.2,8868
2025-07-08T10:38:00+05:30,1536.4,1536.5,1535.9,1536.5,5610
2025-07-08T10:39:00+05:30,1536.4,1536.7,1536.0,1536.4,5891
2025-07-08T10:40:00+05:30,1536.4,1536.4,1536.0,1536.1,5845
2025-07-08T10:41:00+05:30,1536.1,1536.4,1535.8,1536.4,14562
2025-07-08T10:42:00+05:30,1536.4,1537.0,1535.8,1535.8,24899
2025-07-08T10:43:00+05:30,1535.8,1536.3,1535.6,1536.2,11513
2025-07-08T10:44:00+05:30,1536.3,1536.3,1535.9,1535.9,7497
2025-07-08T10:45:00+05:30,1535.9,1536.2,1535.9,1536.1,5114
2025-07-08T10:46:00+05:30,1536.1,1536.2,1535.8,1536.2,7252
2025-07-08T10:47:00+05:30,1536.2,1536.4,1535.9,1536.2,10145
2025-07-08T10:48:00+05:30,1536.2,1536.2,1533.7,1534.2,85461
2025-07-08T10:49:00+05:30,1534.2,1534.4,1532.9,1533.5,88132
2025-07-08T10:50:00+05:30,1533.5,1535.8,1533.4,1535.5,56613
2025-07-08T10:51:00+05:30,1535.5,1537.9,1535.5,1537.7,13935
2025-07-08T10:52:00+05:30,1537.7,1538.2,1537.4,1538.0,12645
2025-07-08T10:53:00+05:30,1538.0,1539.5,1537.6,1539.5,18909
2025-07-08T10:54:00+05:30,1539.5,1539.9,1539.4,1539.6,8765
2025-07-08T10:55:00+05:30,1539.5,1539.6,1538.6,1538.9,5853
2025-07-08T10:56:00+05:30,1538.9,1539.7,1538.6,1539.7,25147
2025-07-08T10:57:00+05:30,1539.7,1539.9,1538.1,1539.3,24006
2025-07-08T10:58:00+05:30,1539.5,1539.5,1539.2,1539.3,4617
2025-07-08T10:59:00+05:30,1539.3,1539.3,1539.0,1539.2,3556
2025-07-08T11:00:00+05:30,1539.2,1539.3,1538.9,1539.0,5850
2025-07-08T11:01:00+05:30,1538.9,1538.9,1537.1,1537.7,13694
2025-07-08T11:02:00+05:30,1537.7,1537.7,1537.3,1537.4,6491
2025-07-08T11:03:00+05:30,1537.4,1537.7,1537.3,1537.7,8163
2025-07-08T11:04:00+05:30,1537.6,1538.4,1537.6,1538.4,5788
2025-07-08T11:05:00+05:30,1538.4,1539.0,1538.2,1538.8,8453
2025-07-08T11:06:00+05:30,1538.8,1539.0,1538.7,1538.9,10705
2025-07-08T11:07:00+05:30,1538.9,1538.9,1538.4,1538.5,5899
2025-07-08T11:08:00+05:30,1538.6,1538.6,1538.1,1538.2,6815
2025-07-08T11:09:00+05:30,1538.2,1538.2,1538.0,1538.1,3971
2025-07-08T11:10:00+05:30,1538.1,1538.1,1537.9,1538.0,3280
2025-07-08T11:11:00+05:30,1538.0,1538.3,1537.7,1538.3,7202
2025-07-08T11:12:00+05:30,1538.2,1538.9,1538.1,1538.8,5735
2025-07-08T11:13:00+05:30,1538.8,1539.0,1538.8,1539.0,5362
2025-07-08T11:14:00+05:30,1538.9,1539.0,1538.8,1538.9,9560
2025-07-08T11:15:00+05:30,1539.0,1539.0,1538.8,1538.9,6786
2025-07-08T11:16:00+05:30,1538.9,1538.9,1538.0,1538.0,4249
2025-07-08T11:17:00+05:30,1538.0,1538.8,1537.8,1538.7,10174
2025-07-08T11:18:00+05:30,1538.8,1538.8,1538.3,1538.5,4442
2025-07-08T11:19:00+05:30,1538.6,1539.2,1538.4,1539.1,10154
2025-07-08T11:20:00+05:30,1539.1,1539.5,1539.1,1539.3,3987
2025-07-08T11:21:00+05:30,1539.4,1539.4,1539.1,1539.2,2536
2025-07-08T11:22:00+05:30,1539.3,1539.4,1539.1,1539.3,4459
2025-07-08T11:23:00+05:30,1539.3,1539.3,1539.2,1539.3,3381
2025-07-08T11:24:00+05:30,1539.3,1539.3,1539.0,1539.1,5023
2025-07-08T11:25:00+05:30,1539.0,1539.1,1538.7,1539.0,8864
2025-07-08T11:26:00+05:30,1539.0,1539.0,1538.3,1538.3,9090
2025-07-08T11:27:00+05:30,1538.4,1538.6,1538.1,1538.4,6603
2025-07-08T11:28:00+05:30,1538.4,1538.9,1538.1,1538.8,4401
2025-07-08T11:29:00+05:30,1538.7,1539.3,1538.4,1539.3,10336
2025-07-08T11:30:00+05:30,1539.3,1543.2,1539.0,1542.5,143553
2025-07-08T11:31:00+05:30,1542.5,1542.8,1540.0,1541.4,43195
2025-07-08T11:32:00+05:30,1541.2,1542.0,1540.5,1540.7,33228
2025-07-08T11:33:00+05:30,1540.7,1541.2,1540.7,1540.9,4088
2025-07-08T11:34:00+05:30,1540.8,1541.0,1540.4,1540.7,6132
2025-07-08T11:35:00+05:30,1540.7,1541.4,1540.0,1540.7,12561
2025-07-08T11:36:00+05:30,1540.6,1540.9,1540.0,1540.6,6066
2025-07-08T11:37:00+05:30,1540.6,1540.9,1540.4,1540.9,3024
2025-07-08T11:38:00+05:30,1540.9,1541.0,1540.6,1540.8,2280
2025-07-08T11:39:00+05:30,1540.6,1540.8,1540.5,1540.7,2722
2025-07-08T11:40:00+05:30,1540.6,1540.7,1540.1,1540.1,3440
2025-07-08T11:41:00+05:30,1540.5,1540.6,1540.1,1540.6,9202
2025-07-08T11:42:00+05:30,1540.6,1540.6,1540.1,1540.5,2262
2025-07-08T11:43:00+05:30,1540.5,1540.6,1540.1,1540.5,3385
2025-07-08T11:44:00+05:30,1540.5,1540.5,1540.0,1540.3,7042
2025-07-08T11:45:00+05:30,1540.2,1540.4,1540.0,1540.3,7328
2025-07-08T11:46:00+05:30,1540.1,1540.7,1540.0,1540.7,4473
2025-07-08T11:47:00+05:30,1540.6,1540.9,1540.2,1540.9,5844
2025-07-08T11:48:00+05:30,1540.9,1541.3,1540.8,1541.2,6280
2025-07-08T11:49:00+05:30,1541.2,1541.3,1541.0,1541.2,6312
2025-07-08T11:50:00+05:30,1541.0,1541.4,1540.7,1541.4,5364
2025-07-08T11:51:00+05:30,1541.2,1541.6,1540.7,1541.6,7205
2025-07-08T11:52:00+05:30,1541.6,1542.0,1541.6,1542.0,6213
2025-07-08T11:53:00+05:30,1541.8,1542.0,1541.6,1541.8,5761
2025-07-08T11:54:00+05:30,1541.7,1541.8,1541.4,1541.6,2721
2025-07-08T11:55:00+05:30,1541.6,1541.9,1541.5,1541.9,3778
2025-07-08T11:56:00+05:30,1541.8,1542.0,1541.7,1542.0,3904
2025-07-08T11:57:00+05:30,1542.0,1542.0,1541.6,1541.9,3500
2025-07-08T11:58:00+05:30,1541.7,1541.9,1541.1,1541.1,12814
2025-07-08T11:59:00+05:30,1541.2,1541.4,1540.3,1540.3,6730
2025-07-08T12:00:00+05:30,1540.9,1540.9,1540.1,1540.2,8204
2025-07-08T12:01:00+05:30,1540.6,1540.8,1540.1,1540.8,9398
2025-07-08T12:02:00+05:30,1540.7,1540.8,1540.2,1540.8,7825
2025-07-08T12:03:00+05:30,1540.8,1540.9,1540.2,1540.4,4970
2025-07-08T12:04:00+05:30,1540.4,1541.0,1540.4,1540.9,3270
2025-07-08T12:05:00+05:30,1540.9,1541.0,1540.4,1541.0,3448
2025-07-08T12:06:00+05:30,1540.9,1541.0,1540.4,1540.6,2994
2025-07-08T12:07:00+05:30,1540.6,1540.9,1540.4,1540.9,4560
2025-07-08T12:08:00+05:30,1540.7,1541.0,1540.3,1540.9,4216
2025-07-08T12:09:00+05:30,1540.7,1540.9,1540.3,1540.8,5334
2025-07-08T12:10:00+05:30,1540.8,1540.8,1540.0,1540.4,6258
2025-07-08T12:11:00+05:30,1540.4,1540.6,1539.9,1540.2,6682
2025-07-08T12:12:00+05:30,1540.3,1540.6,1540.2,1540.6,5257
2025-07-08T12:13:00+05:30,1540.6,1540.6,1539.9,1540.1,8879
2025-07-08T12:14:00+05:30,1540.0,1540.2,1539.8,1539.8,8060
2025-07-08T12:15:00+05:30,1539.8,1540.0,1539.8,1540.0,7498
2025-07-08T12:16:00+05:30,1540.0,1540.0,1539.8,1539.9,5166
2025-07-08T12:17:00+05:30,1540.0,1540.0,1539.4,1539.5,7880
2025-07-08T12:18:00+05:30,1539.4,1539.7,1539.2,1539.7,6258
2025-07-08T12:19:00+05:30,1539.7,1540.0,1539.7,1539.9,10986
2025-07-08T12:20:00+05:30,1539.7,1540.0,1539.4,1539.8,11285
2025-07-08T12:21:00+05:30,1539.8,1539.8,1539.5,1539.7,5295
2025-07-08T12:22:00+05:30,1539.6,1539.8,1539.6,1539.8,6435
2025-07-08T12:23:00+05:30,1539.8,1540.2,1539.7,1539.8,16978
2025-07-08T12:24:00+05:30,1539.8,1539.9,1539.6,1539.7,4334
2025-07-08T12:25:00+05:30,1539.6,1539.9,1539.5,1539.9,5100
2025-07-08T12:26:00+05:30,1539.9,1540.0,1539.4,1539.9,8242
2025-07-08T12:27:00+05:30,1539.9,1540.0,1539.3,1539.9,5124
2025-07-08T12:28:00+05:30,1539.8,1539.9,1539.3,1539.8,4418
2025-07-08T12:29:00+05:30,1539.7,1540.0,1539.5,1539.9,4414
2025-07-08T12:30:00+05:30,1539.9,1539.9,1539.5,1539.6,6353
2025-07-08T12:31:00+05:30,1539.6,1539.7,1538.9,1539.2,17957
2025-07-08T12:32:00+05:30,1539.1,1539.2,1538.5,1538.9,8898
2025-07-08T12:33:00+05:30,1538.9,1539.0,1538.0,1538.7,11035
2025-07-08T12:34:00+05:30,1538.7,1538.7,1538.1,1538.2,5913
2025-07-08T12:35:00+05:30,1538.2,1538.7,1538.0,1538.1,8033
2025-07-08T12:36:00+05:30,1538.2,1538.2,1536.6,1536.6,19510
2025-07-08T12:37:00+05:30,1536.6,1537.4,1536.5,1537.3,8888
2025-07-08T12:38:00+05:30,1537.2,1537.3,1536.5,1536.7,11197
2025-07-08T12:39:00+05:30,1536.6,1538.1,1536.5,1537.2,40576
2025-07-08T12:40:00+05:30,1537.2,1537.2,1534.2,1535.0,42770
2025-07-08T12:41:00+05:30,1535.0,1535.0,1531.7,1532.6,171726
2025-07-08T12:42:00+05:30,1532.5,1534.7,1532.4,1534.5,44434
2025-07-08T12:43:00+05:30,1534.1,1534.5,1533.3,1534.4,18817
2025-07-08T12:44:00+05:30,1534.3,1534.5,1534.0,1534.1,6861
2025-07-08T12:45:00+05:30,1534.3,1534.3,1534.0,1534.1,9353
2025-07-08T12:46:00+05:30,1534.1,1534.1,1533.5,1533.7,5402
2025-07-08T12:47:00+05:30,1533.7,1533.9,1533.5,1533.7,5240
2025-07-08T12:48:00+05:30,1533.7,1533.9,1533.5,1533.9,6825
2025-07-08T12:49:00+05:30,1533.9,1534.5,1533.7,1534.5,15752
2025-07-08T12:50:00+05:30,1534.3,1534.7,1534.0,1534.3,9982
2025-07-08T12:51:00+05:30,1534.3,1534.3,1533.3,1533.3,7166
2025-07-08T12:52:00+05:30,1533.5,1534.1,1533.2,1534.1,7700
2025-07-08T12:53:00+05:30,1534.1,1534.3,1533.5,1533.5,6182
2025-07-08T12:54:00+05:30,1533.4,1533.6,1532.7,1533.5,10730
2025-07-08T12:55:00+05:30,1533.6,1533.9,1533.2,1533.4,7453
2025-07-08T12:56:00+05:30,1533.4,1533.7,1533.2,1533.4,6601
2025-07-08T12:57:00+05:30,1533.2,1533.6,1533.2,1533.5,4508
2025-07-08T12:58:00+05:30,1533.3,1533.5,1532.7,1532.7,10776
2025-07-08T12:59:00+05:30,1532.6,1532.8,1532.5,1532.7,7664
2025-07-08T13:00:00+05:30,1532.6,1533.0,1532.4,1532.5,11253
2025-07-08T13:01:00+05:30,1532.5,1532.6,1532.1,1532.4,8853
2025-07-08T13:02:00+05:30,1532.4,1532.7,1532.2,1532.5,13683
2025-07-08T13:03:00+05:30,1532.5,1532.8,1531.8,1532.0,21666
2025-07-08T13:04:00+05:30,1532.2,1532.7,1531.8,1532.3,8516
2025-07-08T13:05:00+05:30,1532.2,1532.3,1532.0,1532.2,5386
2025-07-08T13:06:00+05:30,1532.0,1533.4,1532.0,1533.3,36314
2025-07-08T13:07:00+05:30,1533.2,1533.7,1531.9,1532.9,77309
2025-07-08T13:08:00+05:30,1532.8,1532.8,1532.1,1532.8,45240
2025-07-08T13:09:00+05:30,1532.8,1532.9,1532.5,1532.7,8706
2025-07-08T13:10:00+05:30,1532.8,1532.9,1532.5,1532.9,5657
2025-07-08T13:11:00+05:30,1533.0,1533.2,1532.5,1533.2,11016
2025-07-08T13:12:00+05:30,1533.0,1533.3,1532.8,1533.1,4675
2025-07-08T13:13:00+05:30,1533.2,1533.4,1532.5,1532.8,6642
2025-07-08T13:14:00+05:30,1532.7,1533.2,1532.6,1533.2,4528
2025-07-08T13:15:00+05:30,1533.2,1533.4,1533.0,1533.4,7290
2025-07-08T13:16:00+05:30,1533.3,1533.7,1533.1,1533.3,7921
2025-07-08T13:17:00+05:30,1533.3,1534.0,1533.1,1533.4,11705
2025-07-08T13:18:00+05:30,1533.4,1533.9,1533.2,1533.9,8298
2025-07-08T13:19:00+05:30,1533.9,1534.0,1533.4,1533.7,5213
2025-07-08T13:20:00+05:30,1533.7,1534.0,1533.4,1533.7,6755
2025-07-08T13:21:00+05:30,1533.5,1533.8,1532.6,1532.6,14151
2025-07-08T13:22:00+05:30,1532.7,1533.2,1532.5,1533.2,8650
2025-07-08T13:23:00+05:30,1533.2,1533.2,1532.6,1532.7,5435
2025-07-08T13:24:00+05:30,1532.9,1533.3,1532.6,1533.0,7207
2025-07-08T13:25:00+05:30,1533.0,1533.2,1532.9,1533.0,7198
2025-07-08T13:26:00+05:30,1533.0,1533.2,1532.4,1533.2,10591
2025-07-08T13:27:00+05:30,1533.1,1533.1,1532.4,1532.8,6646
2025-07-08T13:28:00+05:30,1532.7,1532.9,1532.4,1532.9,7253
2025-07-08T13:29:00+05:30,1532.9,1533.3,1532.5,1533.3,8379
2025-07-08T13:30:00+05:30,1533.3,1533.3,1532.7,1533.0,6341
2025-07-08T13:31:00+05:30,1532.9,1533.0,1530.2,1530.7,64473
2025-07-08T13:32:00+05:30,1530.8,1531.7,1530.5,1531.5,12246
2025-07-08T13:33:00+05:30,1531.4,1531.9,1531.1,1531.9,4913
2025-07-08T13:34:00+05:30,1531.9,1531.9,1531.2,1531.8,4738
2025-07-08T13:35:00+05:30,1531.7,1531.9,1531.2,1531.7,5632
2025-07-08T13:36:00+05:30,1531.6,1531.9,1531.4,1531.6,6922
2025-07-08T13:37:00+05:30,1531.6,1532.0,1531.4,1531.7,5890
2025-07-08T13:38:00+05:30,1531.7,1532.2,1531.5,1531.9,8521
2025-07-08T13:39:00+05:30,1531.5,1532.0,1531.0,1531.5,9170
2025-07-08T13:40:00+05:30,1531.5,1531.5,1530.8,1531.0,9661
2025-07-08T13:41:00+05:30,1531.0,1531.5,1530.8,1531.4,9166
2025-07-08T13:42:00+05:30,1531.5,1531.8,1531.1,1531.8,7372
2025-07-08T13:43:00+05:30,1531.8,1533.0,1531.5,1533.0,14859
2025-07-08T13:44:00+05:30,1533.0,1533.5,1532.3,1533.5,15148
2025-07-08T13:45:00+05:30,1533.5,1533.5,1532.7,1533.4,5869
2025-07-08T13:46:00+05:30,1533.2,1533.4,1532.9,1533.0,7825
2025-07-08T13:47:00+05:30,1533.0,1533.0,1532.5,1533.0,9926
2025-07-08T13:48:00+05:30,1533.0,1533.0,1532.6,1533.0,6096
2025-07-08T13:49:00+05:30,1533.0,1533.2,1532.5,1532.9,27131
2025-07-08T13:50:00+05:30,1532.9,1533.1,1532.4,1533.1,5912
2025-07-08T13:51:00+05:30,1533.1,1533.3,1532.8,1533.3,5654
2025-07-08T13:52:00+05:30,1533.3,1534.5,1533.1,1534.5,17018
2025-07-08T13:53:00+05:30,1534.5,1534.8,1534.1,1534.7,7305
2025-07-08T13:54:00+05:30,1534.7,1534.7,1534.0,1534.7,6816
2025-07-08T13:55:00+05:30,1534.7,1535.0,1534.0,1534.5,11167
2025-07-08T13:56:00+05:30,1534.5,1534.6,1533.8,1534.6,7795
2025-07-08T13:57:00+05:30,1534.6,1534.8,1534.0,1534.5,8588
2025-07-08T13:58:00+05:30,1534.8,1535.0,1534.1,1534.8,10103
2025-07-08T13:59:00+05:30,1535.0,1535.0,1534.3,1534.9,22816
2025-07-08T14:00:00+05:30,1534.9,1535.1,1534.6,1534.7,45118
2025-07-08T14:01:00+05:30,1535.0,1535.8,1534.7,1535.0,54813
2025-07-08T14:02:00+05:30,1534.9,1535.0,1533.5,1534.1,19013
2025-07-08T14:03:00+05:30,1534.1,1534.8,1533.5,1534.1,8316
2025-07-08T14:04:00+05:30,1534.7,1534.7,1533.6,1533.7,7474
2025-07-08T14:05:00+05:30,1534.3,1534.3,1533.6,1533.7,4462
2025-07-08T14:06:00+05:30,1534.1,1534.1,1533.0,1533.5,8966
2025-07-08T14:07:00+05:30,1533.5,1533.7,1533.3,1533.7,8449
2025-07-08T14:08:00+05:30,1533.7,1533.9,1533.3,1533.9,18561
2025-07-08T14:09:00+05:30,1534.0,1534.2,1533.5,1533.6,7842
2025-07-08T14:10:00+05:30,1533.6,1534.2,1533.4,1534.2,5621
2025-07-08T14:11:00+05:30,1534.0,1534.2,1532.3,1532.7,48870
2025-07-08T14:12:00+05:30,1532.8,1533.8,1532.7,1533.6,10466
2025-07-08T14:13:00+05:30,1533.4,1533.6,1532.7,1533.2,5672
2025-07-08T14:14:00+05:30,1533.2,1533.2,1532.6,1533.0,6882
2025-07-08T14:15:00+05:30,1532.9,1533.3,1532.7,1533.3,8119
2025-07-08T14:16:00+05:30,1533.3,1533.3,1532.7,1533.0,6286
2025-07-08T14:17:00+05:30,1533.0,1533.0,1532.5,1532.9,5710
2025-07-08T14:18:00+05:30,1532.6,1532.8,1532.6,1532.8,6766
2025-07-08T14:19:00+05:30,1532.8,1533.0,1532.6,1533.0,6788
2025-07-08T14:20:00+05:30,1532.9,1533.0,1532.6,1532.9,7276
2025-07-08T14:21:00+05:30,1532.9,1533.4,1532.5,1533.1,51234
2025-07-08T14:22:00+05:30,1532.8,1532.8,1532.3,1532.5,15828
2025-07-08T14:23:00+05:30,1532.5,1532.5,1532.2,1532.3,7430
2025-07-08T14:24:00+05:30,1532.3,1532.3,1531.9,1532.0,10149
2025-07-08T14:25:00+05:30,1532.0,1532.5,1531.9,1532.5,28281
2025-07-08T14:26:00+05:30,1532.4,1532.5,1532.1,1532.3,7241
2025-07-08T14:27:00+05:30,1532.4,1532.5,1532.1,1532.5,7464
2025-07-08T14:28:00+05:30,1532.4,1532.5,1531.9,1532.0,15459
2025-07-08T14:29:00+05:30,1532.0,1532.0,1531.3,1531.5,35636
2025-07-08T14:30:00+05:30,1531.5,1531.5,1531.2,1531.4,12829
2025-07-08T14:31:00+05:30,1531.3,1531.5,1531.3,1531.4,27836
2025-07-08T14:32:00+05:30,1531.3,1531.5,1531.2,1531.5,11005
2025-07-08T14:33:00+05:30,1531.4,1531.4,1531.1,1531.2,10671
2025-07-08T14:34:00+05:30,1531.1,1531.4,1531.1,1531.4,11359
2025-07-08T14:35:00+05:30,1531.4,1532.4,1531.3,1531.3,48597
2025-07-08T14:36:00+05:30,1531.3,1531.4,1530.9,1531.3,49415
2025-07-08T14:37:00+05:30,1531.3,1531.5,1530.8,1531.5,14680
2025-07-08T14:38:00+05:30,1531.4,1531.6,1531.2,1531.6,14438
2025-07-08T14:39:00+05:30,1531.5,1531.5,1531.2,1531.2,11055
2025-07-08T14:40:00+05:30,1531.2,1531.5,1531.0,1531.5,12039
2025-07-08T14:41:00+05:30,1531.4,1531.7,1531.3,1531.5,23417
2025-07-08T14:42:00+05:30,1531.5,1531.6,1531.2,1531.4,19430
2025-07-08T14:43:00+05:30,1531.4,1532.7,1531.1,1532.1,39976
2025-07-08T14:44:00+05:30,1532.1,1532.3,1531.6,1532.3,7421
2025-07-08T14:45:00+05:30,1532.3,1532.4,1531.4,1532.4,29731
2025-07-08T14:46:00+05:30,1532.4,1533.8,1531.9,1532.8,34833
2025-07-08T14:47:00+05:30,1532.6,1533.1,1532.5,1533.1,10223
2025-07-08T14:48:00+05:30,1533.1,1533.4,1533.0,1533.2,11031
2025-07-08T14:49:00+05:30,1533.1,1533.5,1533.0,1533.5,7649
2025-07-08T14:50:00+05:30,1533.5,1533.5,1533.0,1533.1,6982
2025-07-08T14:51:00+05:30,1533.1,1533.9,1532.8,1533.2,17809
2025-07-08T14:52:00+05:30,1533.2,1533.2,1532.6,1532.8,5616
2025-07-08T14:53:00+05:30,1532.8,1532.9,1531.8,1532.4,27089
2025-07-08T14:54:00+05:30,1532.4,1533.5,1532.1,1533.5,24261
2025-07-08T14:55:00+05:30,1533.5,1533.5,1533.1,1533.5,8120
2025-07-08T14:56:00+05:30,1533.4,1533.5,1532.9,1533.0,7544
2025-07-08T14:57:00+05:30,1532.9,1533.0,1532.7,1532.8,7239
2025-07-08T14:58:00+05:30,1532.8,1533.1,1532.7,1533.1,19820
2025-07-08T14:59:00+05:30,1533.1,1533.5,1532.9,1533.3,12004
2025-07-08T15:00:00+05:30,1533.2,1533.9,1532.9,1533.7,88949
2025-07-08T15:01:00+05:30,1533.8,1534.1,1533.5,1534.1,43169
2025-07-08T15:02:00+05:30,1534.1,1534.2,1534.0,1534.1,34951
2025-07-08T15:03:00+05:30,1534.0,1534.3,1534.0,1534.3,46975
2025-07-08T15:04:00+05:30,1534.3,1534.8,1534.2,1534.4,72589
2025-07-08T15:05:00+05:30,1534.4,1535.0,1534.3,1535.0,69846
2025-07-08T15:06:00+05:30,1535.0,1536.5,1534.9,1536.3,103934
2025-07-08T15:07:00+05:30,1536.0,1536.5,1535.9,1536.5,49532
2025-07-08T15:08:00+05:30,1536.5,1536.5,1534.8,1534.9,125257
2025-07-08T15:09:00+05:30,1534.9,1537.0,1534.8,1536.8,94246
2025-07-08T15:10:00+05:30,1536.3,1536.7,1535.7,1535.9,45799
2025-07-08T15:11:00+05:30,1535.9,1537.0,1535.9,1536.9,171668
2025-07-08T15:12:00+05:30,1536.9,1537.1,1536.2,1536.9,123355
2025-07-08T15:13:00+05:30,1536.9,1539.3,1536.7,1538.8,127652
2025-07-08T15:14:00+05:30,1538.8,1540.0,1538.7,1539.0,82152
2025-07-08T15:15:00+05:30,1538.9,1539.0,1538.0,1538.9,77413
2025-07-08T15:16:00+05:30,1539.0,1539.1,1538.1,1538.2,65764
2025-07-08T15:17:00+05:30,1538.1,1540.4,1538.0,1540.4,108861
2025-07-08T15:18:00+05:30,1540.3,1543.3,1539.8,1543.3,171066
2025-07-08T15:19:00+05:30,1543.3,1544.9,1537.8,1538.2,184019
2025-07-08T15:20:00+05:30,1538.4,1539.3,1538.2,1538.9,85340
2025-07-08T15:21:00+05:30,1538.9,1538.9,1538.3,1538.6,51931
2025-07-08T15:22:00+05:30,1538.6,1538.7,1537.9,1538.4,55630
2025-07-08T15:23:00+05:30,1538.4,1538.6,1538.0,1538.1,50022
2025-07-08T15:24:00+05:30,1538.1,1538.6,1536.6,1537.7,117634
2025-07-08T15:25:00+05:30,1537.2,1540.0,1537.2,1539.5,67605
2025-07-08T15:26:00+05:30,1539.6,1539.7,1539.0,1539.2,35585
2025-07-08T15:27:00+05:30,1539.3,1539.6,1539.1,1539.6,46110
2025-07-08T15:28:00+05:30,1539.6,1539.6,1539.0,1539.1,27429
2025-07-08T15:29:00+05:30,1539.0,1539.7,1537.9,1538.0,23462
