symbol,timestamp,price,signal,target,stoploss,exit_price,exit_time,outcome,pnl
ACC-EQ,2025-06-18 10:38:00+05:30,1859.9,BUY,1878.5,1841.3,1841.3,2025-06-18 14:05:00+05:30,STOPLOSS,-18.6
ADANIGREEN-EQ,2025-06-11 09:57:00+05:30,1059.9,BUY,1070.5,1049.3,1049.3,2025-06-11 12:42:00+05:30,STOPLOSS,-10.6
AMBUJACEM-EQ,2025-07-02 14:40:00+05:30,594.8,BUY,600.75,588.85,588.85,2025-07-03 11:47:00+05:30,STOPLOSS,-5.95
APLAPOLLO-EQ,2025-06-17 10:51:00+05:30,1842.3,BUY,1860.72,1823.88,1823.88,2025-06-17 12:51:00+05:30,STOPLOSS,-18.42
AUBANK-EQ,2025-06-18 13:28:00+05:30,793.7,BUY,801.64,785.76,801.64,2025-06-19 09:16:00+05:30,TARGET,7.94
AUROPHARMA-EQ,2025-06-16 09:51:00+05:30,1141.1,BUY,1152.51,1129.69,1129.69,2025-06-17 10:59:00+05:30,STOPLOSS,-11.41
BAJAJFINSV-EQ,2025-06-12 10:53:00+05:30,2046.5,BUY,2066.96,2026.04,2026.04,2025-06-12 15:16:00+05:30,STOPLOSS,-20.46
BHARATFORG-EQ,2025-07-04 09:27:00+05:30,1296.8,BUY,1309.77,1283.83,1309.77,2025-07-04 10:05:00+05:30,TARGET,12.97
COLPAL-EQ,2025-07-07 13:04:00+05:30,2476.7,BUY,2501.47,2451.93,2451.93,2025-07-08 09:15:00+05:30,STOPLOSS,-24.77
EICHERMOT-EQ,2025-06-13 10:43:00+05:30,5245.0,BUY,5297.45,5192.55,5297.45,2025-06-13 13:44:00+05:30,TARGET,52.45
ESCORTS-EQ,2025-06-18 13:50:00+05:30,3252.3,BUY,3284.82,3219.78,3284.82,2025-06-19 12:34:00+05:30,TARGET,32.52
EXIDEIND-EQ,2025-06-18 10:38:00+05:30,383.3,BUY,387.13,379.47,379.47,2025-06-18 12:53:00+05:30,STOPLOSS,-3.83
EXIDEIND-EQ,2025-06-18 11:37:00+05:30,381.35,BUY,385.16,377.54,377.54,2025-06-18 15:26:00+05:30,STOPLOSS,-3.81
HCLTECH-EQ,2025-06-10 10:55:00+05:30,1668.1,BUY,1684.78,1651.42,1684.78,2025-06-10 12:19:00+05:30,TARGET,16.68
HDFCAMC-EQ,2025-06-10 12:50:00+05:30,5115.3,BUY,5166.45,5064.15,5166.45,2025-06-11 10:44:00+05:30,TARGET,51.15
HDFCLIFE-EQ,2025-06-18 09:21:00+05:30,771.0,BUY,778.71,763.29,763.29,2025-06-19 09:15:00+05:30,STOPLOSS,-7.71
HINDZINC-EQ,2025-06-11 14:32:00+05:30,520.45,BUY,525.65,515.25,525.65,2025-06-12 09:19:00+05:30,TARGET,5.2
HYUNDAI-EQ,2025-06-16 12:29:00+05:30,1933.1,BUY,1952.43,1913.77,1952.43,2025-06-17 09:15:00+05:30,TARGET,19.33
HYUNDAI-EQ,2025-06-23 15:17:00+05:30,1999.8,BUY,2019.8,1979.8,2019.8,2025-06-24 09:15:00+05:30,TARGET,20.0
ICICIBANK-EQ,2025-06-18 10:38:00+05:30,1420.9,BUY,1435.11,1406.69,1406.69,2025-06-19 09:15:00+05:30,STOPLOSS,-14.21
IGL-EQ,2025-06-19 12:25:00+05:30,203.39,BUY,205.42,201.36,205.42,2025-06-20 09:38:00+05:30,TARGET,2.03
INDIANB-EQ,2025-06-30 10:47:00+05:30,642.4,BUY,648.82,635.98,648.82,2025-07-01 12:22:00+05:30,TARGET,6.42
INDUSTOWER-EQ,2025-06-27 12:02:00+05:30,420.25,BUY,424.45,416.05,416.05,2025-06-27 13:01:00+05:30,STOPLOSS,-4.2
INFY-EQ,2025-06-24 12:46:00+05:30,1598.2,BUY,1614.18,1582.22,1582.22,2025-06-24 13:46:00+05:30,STOPLOSS,-15.98
KOTAKBANK-EQ,2025-06-24 12:46:00+05:30,2225.0,BUY,2247.25,2202.75,2202.75,2025-06-25 09:24:00+05:30,STOPLOSS,-22.25
LT-EQ,2025-06-12 12:40:00+05:30,3651.6,BUY,3688.12,3615.08,3615.08,2025-06-12 13:34:00+05:30,STOPLOSS,-36.52
LTIM-EQ,2025-06-12 09:33:00+05:30,5387.0,BUY,5440.87,5333.13,5440.87,2025-06-12 11:21:00+05:30,TARGET,53.87
LUPIN-EQ,2025-06-12 11:04:00+05:30,2037.8,BUY,2058.18,2017.42,2017.42,2025-06-12 14:06:00+05:30,STOPLOSS,-20.38
M&M-EQ,2025-06-09 13:06:00+05:30,3085.9,BUY,3116.76,3055.04,3116.76,2025-06-11 09:55:00+05:30,TARGET,30.86
MANKIND-EQ,2025-06-20 09:29:00+05:30,2306.4,BUY,2329.46,2283.34,2283.34,2025-06-23 09:15:00+05:30,STOPLOSS,-23.06
MANKIND-EQ,2025-06-27 15:14:00+05:30,2329.2,BUY,2352.49,2305.91,2305.91,2025-07-01 09:52:00+05:30,STOPLOSS,-23.29
MAXHEALTH-EQ,2025-06-12 10:38:00+05:30,1212.5,BUY,1224.62,1200.38,1200.38,2025-06-12 14:06:00+05:30,STOPLOSS,-12.12
MAXHEALTH-EQ,2025-06-20 14:24:00+05:30,1206.9,BUY,1218.97,1194.83,1218.97,2025-06-20 15:20:00+05:30,TARGET,12.07
MAZDOCK-EQ,2025-06-13 11:19:00+05:30,3236.8,BUY,3269.17,3204.43,3204.43,2025-06-13 12:12:00+05:30,STOPLOSS,-32.37
MAZDOCK-EQ,2025-06-30 14:08:00+05:30,3228.1,BUY,3260.38,3195.82,3260.38,2025-07-01 09:15:00+05:30,TARGET,32.28
MPHASIS-EQ,2025-06-16 09:43:00+05:30,2646.2,BUY,2672.66,2619.74,2672.66,2025-06-16 10:48:00+05:30,TARGET,26.46
MUTHOOTFIN-EQ,2025-06-30 13:41:00+05:30,2631.0,BUY,2657.31,2604.69,2604.69,2025-07-01 10:24:00+05:30,STOPLOSS,-26.31
OBEROIRLTY-EQ,2025-06-17 10:09:00+05:30,1943.2,BUY,1962.63,1923.77,1923.77,2025-06-17 12:49:00+05:30,STOPLOSS,-19.43
OIL-EQ,2025-06-24 09:23:00+05:30,457.3,BUY,461.87,452.73,452.73,2025-06-24 09:45:00+05:30,STOPLOSS,-4.57
PERSISTENT-EQ,2025-06-18 12:39:00+05:30,6026.0,BUY,6086.26,5965.74,5965.74,2025-06-19 09:56:00+05:30,STOPLOSS,-60.26
PERSISTENT-EQ,2025-07-08 11:53:00+05:30,5820.5,BUY,5878.7,5762.3,5878.7,2025-07-08 12:46:00+05:30,TARGET,58.2
POLICYBZR-EQ,2025-06-17 09:58:00+05:30,1944.9,BUY,1964.35,1925.45,1964.35,2025-06-17 10:30:00+05:30,TARGET,19.45
POLICYBZR-EQ,2025-06-18 10:29:00+05:30,1906.2,BUY,1925.26,1887.14,1887.14,2025-06-18 11:24:00+05:30,STOPLOSS,-19.06
POLYCAB-EQ,2025-06-30 12:00:00+05:30,6519.5,BUY,6584.7,6454.3,6584.7,2025-07-01 09:15:00+05:30,TARGET,65.2
PRESTIGE-EQ,2025-06-23 14:43:00+05:30,1717.5,BUY,1734.68,1700.32,1734.68,2025-06-24 09:15:00+05:30,TARGET,17.18
RECLTD-EQ,2025-06-12 09:50:00+05:30,414.65,BUY,418.8,410.5,410.5,2025-06-12 11:58:00+05:30,STOPLOSS,-4.15
RVNL-EQ,2025-06-18 11:35:00+05:30,397.35,BUY,401.32,393.38,393.38,2025-06-19 10:19:00+05:30,STOPLOSS,-3.97
RVNL-EQ,2025-06-26 09:54:00+05:30,400.8,BUY,404.81,396.79,404.81,2025-06-27 09:21:00+05:30,TARGET,4.01
SBILIFE-EQ,2025-06-27 14:58:00+05:30,1856.5,BUY,1875.06,1837.94,1837.94,2025-06-30 09:15:00+05:30,STOPLOSS,-18.56
SUPREMEIND-EQ,2025-06-20 09:26:00+05:30,4409.2,BUY,4453.29,4365.11,4453.29,2025-06-20 11:24:00+05:30,TARGET,44.09
TECHM-EQ,2025-07-03 13:08:00+05:30,1674.2,BUY,1690.94,1657.46,1657.46,2025-07-04 09:15:00+05:30,STOPLOSS,-16.74
TIINDIA-EQ,2025-06-30 10:48:00+05:30,3087.9,BUY,3118.78,3057.02,3118.78,2025-06-30 11:48:00+05:30,TARGET,30.88
TRENT-EQ,2025-06-18 11:37:00+05:30,5721.5,BUY,5778.72,5664.28,5778.72,2025-06-19 09:15:00+05:30,TARGET,57.22
TRENT-EQ,2025-06-24 14:08:00+05:30,6065.0,BUY,6125.65,6004.35,6125.65,2025-06-25 09:16:00+05:30,TARGET,60.65
TVSMOTOR-EQ,2025-06-24 14:10:00+05:30,2837.4,BUY,2865.77,2809.03,2865.77,2025-06-25 09:20:00+05:30,TARGET,28.37
VMM-EQ,2025-06-17 09:20:00+05:30,116.88,BUY,118.05,115.71,118.05,2025-06-17 09:23:00+05:30,TARGET,1.17
ZYDUSLIFE-EQ,2025-07-03 09:26:00+05:30,991.4,BUY,1001.31,981.49,1001.31,2025-07-03 15:21:00+05:30,TARGET,9.91
