symbol,token
SCHAEFFLER-EQ,1011
AYMSYNTEX-EQ,10285
RADHIKAJWE-EQ,10343
CSLFINANCE-EQ,10350
AXISBNKETF-EQ,1044
GUJGASLTD-EQ,10599
BHARTIARTL-EQ,10604
FOSECOIND-EQ,1073
OAL-EQ,10768
GODREJIND-EQ,10925
TMB-EQ,10945
LIQUIDBEES-EQ,11006
AGRITECH-EQ,11072
DANGEE-EQ,1110
VARDHACRLC-EQ,11220
IGL-EQ,11262
SIL-EQ,11297
LICNETFN50-EQ,11319
VAIBHAVGBL-EQ,11364
ZOTA-EQ,11394
SALZERELEC-EQ,11399
RKFORGE-EQ,11411
DATAMATICS-EQ,11423
NV20-EQ,11457
GLAXO-EQ,1153
FORCEMOT-EQ,11573
TRACXN-EQ,11582
ASTRAMICRO-EQ,11618
DWARKESH-EQ,11667
GTL-EQ,1162
NTPC-EQ,11630
EVEREADY-EQ,11782
IIFL-EQ,11809
FMGOETZE-EQ,1190
CYBERMEDIA-EQ,11842
JKPAPER-EQ,11860
GEOJITFSL-EQ,11896
YESBANK-EQ,11915
FUSION-EQ,11932
SUZLON-EQ,12018
KAYNES-EQ,12092
HDFCNIFIT-EQ,12101
PRECAM-EQ,12603
V1NSETEST-EQ,12863
IIFLCAPS-EQ,13072
TRIVENI-EQ,13081
AIAENG-EQ,13086
EKC-EQ,13091
GSEC10IETF-EQ,13143
ENIL-EQ,13192
SULA-EQ,13218
KEC-EQ,13260
GPIL-EQ,13409
RATNAMANI-EQ,13451
ALLCARGO-EQ,13501
MUNJALAU-EQ,13511
VIDHIING-EQ,13536
RADIANTCMS-EQ,13580
GESHIP-EQ,13776
TANLA-EQ,13976
AUTOIND-EQ,14106
GANDHITUBE-EQ,14116
UNOMINDA-EQ,14154
HDFCSML250-EQ,14233
SANOFI-EQ,1442
LAOPALA-EQ,14423
LEXUS-EQ,14459
THEMISMED-EQ,14485
PHOENIXLTD-EQ,14552
INSECTICID-EQ,14657
061NSETEST-EQ,14762
REPL-EQ,1480
TARMAT-EQ,14771
KPRMILL-EQ,14912
CENTUM-EQ,14982
BLAL-EQ,15067
COLPAL-EQ,15141
LICNFNHGP-EQ,15229
QGOLDHALF-EQ,15330
NMDC-EQ,15332
GOLDETFADD-EQ,15356
RACE-EQ,15391
BECTORFOOD-EQ,1628
APOLLOTYRE-EQ,163
ITC-EQ,1660
SILVRETF-EQ,16777
SINDHUTRAD-EQ,16859
THYROCARE-EQ,17032
OIL-EQ,17438
LIQUID-EQ,17572
ASALCBR-EQ,17598
ZYDUSWELL-EQ,17635
QUESS-EQ,17704
ATL-EQ,17778
LLOYDSENGG-EQ,17801
GILLANDERS-EQ,17839
HINDCOPPER-EQ,17939
THANGAMAYL-EQ,18118
HATHWAY-EQ,18154
NIFMID150-EQ,18347
MITTAL-EQ,18562
RRKABEL-EQ,18566
ZAGGLE-EQ,18608
HPL-EQ,18679
YATRA-EQ,18760
CUMMINSIND-EQ,1901
MAZDA-EQ,18866
KIRLOSIND-EQ,19025
PODDARMENT-EQ,19036
WEALTH-EQ,1923
GPPL-EQ,19731
RADIOCITY-EQ,19877
BEDMUTHA-EQ,20196
GODREJCP-EQ,10099
BALKRISHNA-EQ,10181
JISLJALEQS-EQ,10397
DYCL-EQ,10417
SHARDAMOTR-EQ,10530
HDFCNEXT50-EQ,10619
MPSLTD-EQ,10578
NIFTYQLITY-EQ,10690
MOQLTYINAV-EQ,10830
HDFCSILVER-EQ,10876
DIVISLAB-EQ,10940
SIRCA-EQ,11050
KSOLVES-EQ,11060
CREATIVE-EQ,11155
INDIGO-EQ,11195
HDFCGROWTH-EQ,11241
DHANBANK-EQ,11359
GIPCL-EQ,1145
EMIL-EQ,11530
HDFCSENSEX-EQ,11593
NARMADA-EQ,11627
GOKEX-EQ,11778
SAKSOFT-EQ,11794
SUKHJITS-EQ,11804
SSWL-EQ,11829
MANINDS-EQ,11884
VHL-EQ,11892
MCLEODRUSS-EQ,11943
RML-EQ,11975
AURIONPRO-EQ,12022
SCPL-EQ,12072
DGCONTENT-EQ,10346
KSHITIJPOL-EQ,10407
MUTHOOTCAP-EQ,10415
RAMRAT-EQ,10485
CONS-EQ,10512
KRBL-EQ,10577
ASAL-EQ,10634
SPORTKING-EQ,10733
UNIONBANK-EQ,10753
NUCLEUS-EQ,10791
SYRMA-EQ,10793
DREAMFOLKS-EQ,10859
GABRIEL-EQ,1085
MARUTI-EQ,10999
INFOBEAN-EQ,11027
SHK-EQ,11212
HDFCQUAL-EQ,11255
JAIBALAJI-EQ,11256
APARINDS-EQ,11491
GOYALALUM-EQ,11787
SURYALAXMI-EQ,11852
GLAND-EQ,1186
NECLIFE-EQ,11927
ICIL-EQ,11987
FCSSOFT-EQ,11999
HDFCPVTBAN-EQ,12108
BBTCL-EQ,12153
GRASIM-EQ,1232
GSFC-EQ,1247
DJML-EQ,12749
G1NSETEST-EQ,12842
VIMTALABS-EQ,13101
ORIENTCER-EQ,13111
GALAXYSURF-EQ,1315
INDOTECH-EQ,13275
AFSL-EQ,13288
MALUPAPER-EQ,13352
UTTAMSUGAR-EQ,13376
KKCL-EQ,13381
BHAGERIA-EQ,13400
KAMDHENU-EQ,13457
JKLAKSHMI-EQ,13491
GMRAIRPORT-EQ,13528
SELAN-EQ,13598
HINDALCO-EQ,1363
IRCTC-EQ,13611
TALBROAUTO-EQ,13648
PARSVNATH-EQ,13791
BAIDFIN-EQ,13794
PLASTIBLEN-EQ,13920
LUMAXTECH-EQ,14014
ASMS-EQ,14064
NSLNISP-EQ,14180
OSWALSEEDS-EQ,14305
SMSPHARMA-EQ,14329
IDEA-EQ,14366
POCL-EQ,14385
JKTYRE-EQ,14435
GSLSU-EQ,14599
TIMETECHNO-EQ,14707
IDBI-EQ,1476
111NSETEST-EQ,14774
131NSETEST-EQ,14778
LOWVOL-EQ,14786
IFCI-EQ,1491
AKI-EQ,14890
INDOWIND-EQ,14952
PSUBANK-EQ,15061
BVCL-EQ,15073
SILVERETF-EQ,15085
DVL-EQ,15214
UJJIVANSFB-EQ,15228
CORDSCABLE-EQ,15271
GSS-EQ,15347
DHANI-EQ,15384
GHCLTEXTIL-EQ,16696
GOKUL-EQ,16705
QNIFTY-EQ,16819
ARTEMISMED-EQ,16913
INDBANK-EQ,16933
CROMPTON-EQ,17094
ITETFADD-EQ,17207
ASPINWALL-EQ,17270
SALONA-EQ,17351
GKWLIMITED-EQ,17357
ADANIPOWER-EQ,17388
NETWEB-EQ,17433
RTNPOWER-EQ,17520
YATHARTH-EQ,17738
KAJARIACER-EQ,1808
SRGHFL-EQ,18119
YASHO-EQ,18131
DOLPHIN-EQ,18139
AEROFLEX-EQ,18268
IVZINGOLD-EQ,18292
TCPLPACK-EQ,184
KCP-EQ,1841
BIGBLOC-EQ,18431
CARYSIL-EQ,1879
ENDURANCE-EQ,18822
IMFA-EQ,19235
ROSSARI-EQ,19410
GOLDIETF-EQ,19679
JITFINFRA-EQ,19691
DMART-EQ,19913
IRFC-EQ,2029
IREDA-EQ,20261
PRESTIGE-EQ,20302
EMAMIPAP-EQ,10074
ADANIENSOL-EQ,10217
FINCABLES-EQ,1038
SADBHIN-EQ,10618
OLECTRA-EQ,10637
PNB-EQ,10666
HARSHA-EQ,11162
POONAWALLA-EQ,11403
XPROINDIA-EQ,11407
EXCELINDUS-EQ,11471
AMBICAAGAR-EQ,11496
TCS-EQ,11536
WESTLIFE-EQ,11580
INDSWFTLTD-EQ,11602
KOTARISUG-EQ,11647
LALPATHLAB-EQ,11654
JBMA-EQ,11655
JPPOWER-EQ,11763
GRANULES-EQ,11872
GENUSPOWER-EQ,11905
MEDANTA-EQ,11956
FAZE3Q-EQ,12000
ZIMLAB-EQ,12384
SAFARI-EQ,13035
360ONE-EQ,13061
REPRO-EQ,13126
EBBETF0433-EQ,13139
GSPL-EQ,13197
SUNTV-EQ,13404
TECHM-EQ,13538
GRINDWELL-EQ,13560
ATLANTAA-EQ,13585
HINDCOMPOS-EQ,1372
SKYGOLD-EQ,13631
BANKETFADD-EQ,13644
GLOBALVECT-EQ,13735
PRAENG-EQ,13941
HINDPETRO-EQ,1406
HINDOILEXP-EQ,1403
AGI-EQ,1412
PITTIENG-EQ,14134
BTML-EQ,14150
HUBTOWN-EQ,14203
TIIL-EQ,14223
HDFCBSE500-EQ,14230
GOLDETF-EQ,14286
PAGEIND-EQ,14413
GOLDBEES-EQ,14428
NAHARSPING-EQ,14440
NDLVENTURE-EQ,14547
ALPHAGEO-EQ,14597
TGBHOTELS-EQ,14607
GOACARBON-EQ,14687
AXSENSEX-EQ,14742
141NSETEST-EQ,14781
ADSL-EQ,14813
IFBIND-EQ,1485
ALPA-EQ,14848
CERA-EQ,15039
KOLTEPATIL-EQ,15124
JYOTHYLAB-EQ,15146
KALYANIFRG-EQ,15156
HITECHCORP-EQ,15161
BRIGADE-EQ,15184
CEATLTD-EQ,15254
VIRINCHI-EQ,15295
BANG-EQ,15303
SEPC-EQ,15308
ACL-EQ,15420
FAIRCHEMOR-EQ,1614
IOC-EQ,1624
INFIBEAM-EQ,16249
ARE&M-EQ,100
DPWIRES-EQ,16900
PAKKA-EQ,17197
JBCHEPHARM-EQ,1726
ARMANFIN-EQ,17263
AJMERA-EQ,17307
MHRIL-EQ,17333
NV20IETF-EQ,17475
NHPC-EQ,17400
EXPLEOSOL-EQ,17486
JINDALPOLY-EQ,1756
MGL-EQ,17534
ALOKINDS-EQ,17675
MIDSELIETF-EQ,17702
NIITMTS-EQ,17747
AHLUCONT-EQ,17833
BEARDSELL-EQ,17933
SBICARD-EQ,17971
CONCORDBIO-EQ,18060
SBFC-EQ,18026
ARENTERP-EQ,181
NIFTY1-EQ,18102
KECL-EQ,18220
SANDUMA-EQ,18359
FACT-EQ,1008
NDGL-EQ,18371
AURUM-EQ,10310
SHAREINDIA-EQ,104
FINPIPE-EQ,1041
SIGNATURE-EQ,18743
KALAMANDIR-EQ,18755
MOHEALTH-EQ,10508
VBL-EQ,18921
NIFTYBEES-EQ,10576
MARKSANS-EQ,10579
KAPSTON-EQ,18967
MVGJL-EQ,19015
TCI-EQ,10580
MOM30IETF-EQ,10585
ARVIND-EQ,193
MOQUALITY-EQ,10822
LAURUSLABS-EQ,19234
GENESYS-EQ,10905
RADICO-EQ,10990
UGARSUGAR-EQ,19578
PRICOLLTD-EQ,19631
SHRENIK-EQ,11149
AXISILVER-EQ,11193
TRENT-EQ,1964
JSL-EQ,11236
WELSPUNLIV-EQ,11253
LMW-EQ,1979
ESAFSFB-EQ,19878
MUKANDLTD-EQ,11325
APOLLO-EQ,1134
ORISSAMINE-EQ,19931
PETRONET-EQ,11351
TTKHLTCARE-EQ,11369
MAHABANK-EQ,11377
AHLADA-EQ,2004
INTENTECH-EQ,20071
NIITLTD-EQ,11522
COFORGE-EQ,11543
HDFCLOWVOL-EQ,11547
UNIDT-EQ,201
LUMAXIND-EQ,2018
AKSHARCHEM-EQ,20178
ESILVER-EQ,20257
RESPONIND-EQ,20323
GMBREW-EQ,1168
LINCOLN-EQ,11596
PATELENG-EQ,11699
CONSOFINVT-EQ,11731
GNFC-EQ,1174
AMBER-EQ,1185
SHOPERSTOP-EQ,11813
SHAHALLOYS-EQ,11856
GUJALKALI-EQ,1267
KANSAINER-EQ,1196
MSPL-EQ,11919
BIKAJI-EQ,11966
RENUKA-EQ,12026
ABB-EQ,13
RUSTOMJEE-EQ,12219
GREAVESCOT-EQ,1235
QUICKHEAL-EQ,13116
JKCEMENT-EQ,13270
GALLANTT-EQ,13337
HEG-EQ,1336
KFINTECH-EQ,13359
FINIETF-EQ,12578
ACLGATI-EQ,13688
VISHWARAJ-EQ,13702
FIEMIND-EQ,13710
DCBBANK-EQ,13725
TORNTPOWER-EQ,13786
GREENPANEL-EQ,13810
PARACABLES-EQ,13951
ABSLBANETF-EQ,13987
IZMO-EQ,14174
BANSWRAS-EQ,14511
AROGRANITE-EQ,14557
BFUTILITIE-EQ,14567
ACCURACY-EQ,1465
NAGREEKEXP-EQ,14702
V2RETAIL-EQ,14766
SPARC-EQ,14788
OMAXE-EQ,14853
CIEINDIA-EQ,14937
NAGREEKCAP-EQ,14942
MOTILALOFS-EQ,14947
MAGNUM-EQ,14957
SHIVAMILLS-EQ,1497
CSBBANK-EQ,14966
DELTACORP-EQ,15044
MANAKSIA-EQ,15199
JKIL-EQ,15266
ONMOBILE-EQ,15278
AARON-EQ,1030
RAIN-EQ,15337
GILLETTE-EQ,1576
ARVSMART-EQ,10457
SATIN-EQ,10453
GODHA-EQ,1607
POWERMECH-EQ,10473
EBBETF0430-EQ,16253
UFLEX-EQ,1053
LINDEINDIA-EQ,1627
OFSS-EQ,10738
BAGFILMS-EQ,11226
NSIL-EQ,11239
DREDGECORP-EQ,11271
GVT&D-EQ,16783
IKIO-EQ,16822
LUXIND-EQ,11301
TIPSFILMS-EQ,11374
PVTBANIETF-EQ,11386
TOUCHWOOD-EQ,16908
GICHSGFIN-EQ,1139
BANKBEES-EQ,11439
PILANIINVS-EQ,11445
MAWANASUG-EQ,17022
CENTEXT-EQ,11511
HDFCMOMENT-EQ,11538
DCI-EQ,11566
NEWGEN-EQ,1164
SALSTEEL-EQ,11634
SHRIPISTON-EQ,17186
XCHANGING-EQ,11705
HPIL-EQ,11796
NH-EQ,11840
LLOYDSME-EQ,17313
DCXINDIA-EQ,11895
GOLDIAM-EQ,11971
AEROENTER-EQ,12015
FIVESTAR-EQ,12032
PSUBANKADD-EQ,17616
DLINKINDIA-EQ,17851
JSWENERGY-EQ,17869
GODREJPROP-EQ,17875
MMTC-EQ,17957
GFLLIMITED-EQ,1289
ADVENZYMES-EQ,18039
CELEBRITY-EQ,13162
PERSISTENT-EQ,18365
KEI-EQ,13310
LOKESHMACH-EQ,13436
BALPHARMA-EQ,13441
PFOCUS-EQ,13496
LTTS-EQ,18564
KIRLOSBROS-EQ,18581
ACE-EQ,13587
JHS-EQ,13720
GTLINFRA-EQ,13745
PNBHOUSING-EQ,18908
MANALIPETC-EQ,13796
SUNDARAM-EQ,18931
KINGFA-EQ,18944
SILLYMONKS-EQ,19097
CREST-EQ,13900
SANGHVIMOV-EQ,14058
TI-EQ,19196
BLISSGVS-EQ,19265
IGPL-EQ,14086
THEJO-EQ,19279
PTL-EQ,14101
PLAZACABLE-EQ,19458
BAJAJCON-EQ,19531
MAXESTATES-EQ,19646
LIQUIDSBI-EQ,19705
FORTIS-EQ,14592
DEEPAKNTR-EQ,19943
INFRABEES-EQ,20072
TASTYBITE-EQ,20092
GREENPOWER-EQ,20110
011NSETEST-EQ,14747
081NSETEST-EQ,14767
WABAG-EQ,20188
URJA-EQ,20203
M&M-EQ,2031
KSCL-EQ,14972
INDIGOPNTS-EQ,2048
INDHOTEL-EQ,1512
ARIES-EQ,15204
GRAVITA-EQ,20534
DOMS-EQ,20551
IRB-EQ,15313
SUPERHOUSE-EQ,20616
TARC-EQ,1581
MGEL-EQ,1593
BHAGYANGR-EQ,20776
BHARATWIRE-EQ,16123
SURAJEST-EQ,20822
SUNDROP-EQ,1663
VAISHALI-EQ,16589
PTCIL-EQ,16682
RKDL-EQ,20950
ZFCVINDIA-EQ,16915
HMAAGRO-EQ,17053
JAYBARMARU-EQ,1708
ERIS-EQ,21154
GTPL-EQ,21195
DIGIDRIVE-EQ,21247
LOWVOLIETF-EQ,21254
NEXT50-EQ,17181
JYOTICNC-EQ,21334
BANKETF-EQ,17419
GANGESSECU-EQ,21399
AMRUTANJAN-EQ,17547
SUNTECK-EQ,17641
ASTEC-EQ,17728
OPTIEMUS-EQ,21469
LTIM-EQ,17818
DBCORP-EQ,17881
DIXON-EQ,21690
AWHCL-EQ,1797
GEEKAYWIRE-EQ,17922
JYOTISTRUC-EQ,1802
MBLINFRA-EQ,18029
DBL-EQ,18086
VASCONEQ-EQ,18110
JIOFIN-EQ,18143
TVSSCS-EQ,18151
LORDSCHLO-EQ,18232
PYRAMID-EQ,18250
KARURVYSYA-EQ,1838
DIACABS-EQ,18543
EMSLIMITED-EQ,18593
SAMHI-EQ,18614
RAJRATAN-EQ,18962
MANAPPURAM-EQ,19061
KIOCL-EQ,19126
MCL-EQ,22360
KOPRAN-EQ,1919
UMESLTD-EQ,19142
SFL-EQ,19184
KOTAKBANK-EQ,1922
TCIEXP-EQ,19223
KSB-EQ,1949
SIGNPOST-EQ,22656
PRAKASHSTL-EQ,19599
LICNMID100-EQ,22722
SMALLCAP-EQ,22832
LGHL-EQ,19876
EGOLD-EQ,19933
GOLDCASE-EQ,22901
CPCAP-EQ,20086
RKSWAMY-EQ,23043
CANTABIL-EQ,20160
CLEDUCATE-EQ,20223
LYKALABS-EQ,2028
TATATECH-EQ,20293
FLAIR-EQ,20372
AMBUJACEM-EQ,1270
TEAMLEASE-EQ,12716
181NSETEST-EQ,23447
BHARTIHEXA-EQ,23489
TARACHAND-EQ,23512
AIIL-EQ,23553
SADBHAV-EQ,13236
HEROMOTOCO-EQ,1348
NAVNETEDUL-EQ,2385
NECCLTD-EQ,13522
ANDHRSUGAR-EQ,136
ELECON-EQ,13643
FLUOROCHEM-EQ,13750
DONEAR-EQ,13839
MMFL-EQ,13844
BANCOINDIA-EQ,13880
HINDUNILVR-EQ,1394
BBNPNBETF-EQ,24117
VADILALIND-EQ,24196
IVZINNIFTY-EQ,24217
STANLEY-EQ,24226
SAGCEM-EQ,14068
VSTTILLERS-EQ,24292
SBISILVER-EQ,24366
NOCIL-EQ,2442
TIMKEN-EQ,14198
RELIABLE-EQ,24378
ABGSEC-EQ,24404
PGIL-EQ,14260
ORIENTBELL-EQ,14278
FSL-EQ,14304
TFL-EQ,14319
HSCL-EQ,14334
APOLLOPIPE-EQ,14361
EMBDL-EQ,14450
DIVGIITTS-EQ,14479
PSUBNKIETF-EQ,14584
HGS-EQ,14712
031NSETEST-EQ,14753
041NSETEST-EQ,14755
151NSETEST-EQ,14782
CENTRALBK-EQ,14894
MOGSEC-EQ,1507
GSEC10YEAR-EQ,14938
BAJAJELEC-EQ,15034
RHL-EQ,15157
ECLERX-EQ,15179
PATINTLOG-EQ,15219
BIRLAMONEY-EQ,15239
KNRCON-EQ,15283
VGUARD-EQ,15362
APCOTEXIND-EQ,154
EIHAHOTELS-EQ,15399
APOLLOHOSP-EQ,157
AVG-EQ,15589
INFY-EQ,1594
PRINCEPIPE-EQ,16045
KIRIINDUS-EQ,16639
JOCIL-EQ,16927
SHARIABEES-EQ,17044
SUMICHEM-EQ,17105
PARAGMILK-EQ,17130
ORIENTPPR-EQ,2496
CYIENTDLM-EQ,17187
EXCEL-EQ,17376
SETF10GILT-EQ,17395
CONTROLPR-EQ,17477
DAMODARIND-EQ,17541
PVTBANKADD-EQ,17576
POKARNA-EQ,17651
GPTINFRA-EQ,17685
KROSS-EQ,25252
ARKADE-EQ,25398
GROWWLIQID-EQ,25447
DBEIL-EQ,25892
VSSL-EQ,27067
BUTTERFLY-EQ,2716
AUROPHARMA-EQ,275
CHEMFAB-EQ,2799
LTGILTBEES-EQ,17700
IKS-EQ,28125
DAMCAPITAL-EQ,28662
KAKATCEM-EQ,1811
KPIL-EQ,1814
ORIENTLTD-EQ,18208
SENORES-EQ,28888
KAMATHOTEL-EQ,1826
TEXMOPIPES-EQ,18214
VPRPL-EQ,18341
KANORICHEM-EQ,1835
RISHABH-EQ,18417
ZUARI-EQ,29050
ICICIPRULI-EQ,18652
DENTA-EQ,29256
IRMENERGY-EQ,19597
ALPHAETF-EQ,19640
BLUEJET-EQ,19686
QPOWER-EQ,29711
ADFFOODS-EQ,19761
AMNPLST-EQ,19867
LICHSGFIN-EQ,1997
MOCAPITAL-EQ,30065
CASHIETF-EQ,30139
ASKAUTOLTD-EQ,20152
ARIHANTSUP-EQ,20159
ASHOKA-EQ,20182
CGCL-EQ,20329
COALINDIA-EQ,20374
INDOSTAR-EQ,3088
TIINDIA-EQ,312
GILT5YBEES-EQ,3172
MODISONLTD-EQ,3316
SUNDARMFIN-EQ,3339
SUNPHARMA-EQ,3351
SWARAJENG-EQ,3384
BANARBEADS-EQ,347
CLSEL-EQ,3482
TTKPRESTIG-EQ,3546
ADANIGREEN-EQ,3563
MOKSH-EQ,3586
JUBLPHARMA-EQ,3637
VARDMNPOLY-EQ,3646
WILLAMAGOR-EQ,3772
WIPRO-EQ,3787
WSTCSTPAPR-EQ,3799
PREMIERPOL-EQ,3908
PARASPETRO-EQ,3972
PVP-EQ,4010
SAMBHAAV-EQ,4127
WENDT-EQ,4235
SHRIRAMFIN-EQ,4306
MIRZAINT-EQ,4394
INDIANCARD-EQ,4422
DYNAMATECH-EQ,4525
BIRLACORPN-EQ,480
FDC-EQ,4898
GANGAFORGE-EQ,4957
ICICIBANK-EQ,4963
PHARMABEES-EQ,4973
APTUS-EQ,5435
CUB-EQ,5701
CANFINHOME-EQ,583
BANKNIFTY1-EQ,5851
APOLSINHOT-EQ,6302
NYKAA-EQ,6545
SONATSOFTW-EQ,6596
SJS-EQ,6643
PAYTM-EQ,6705
SBC-EQ,6792
RPPL-EQ,6913
RAMASTEEL-EQ,10300
SHRADHA-EQ,708
ASIANENE-EQ,7030
STEELCITY-EQ,10406
SBIETFPB-EQ,722
UDAICEMENT-EQ,7276
DATAPATTNS-EQ,7358
GLENMARK-EQ,7406
MOMENTUM-EQ,10693
SURANAT&P-EQ,10700
INFRAIETF-EQ,10723
MOVALUE-EQ,10825
GVPTECH-EQ,10865
SATIA-EQ,11045
TINNARUBR-EQ,756020
LIBAS-EQ,11082
GHCL-EQ,1127
COFFEEDAY-EQ,11165
SILVER360-EQ,756150
UNIENTER-EQ,11293
TEXINFRA-EQ,11549
GUFICBIO-EQ,11606
INDOCO-EQ,11677
ALKEM-EQ,11703
CRISIL-EQ,757
ACEINTEG-EQ,11779
MANGALAM-EQ,11817
WELCORP-EQ,11821
PRIMESECU-EQ,11864
AONENIFTY-EQ,757096
IMPAL-EQ,12009
EQUAL50-EQ,757142
DOLATALGO-EQ,12124
MUTHOOTMF-EQ,20831
CASTROLIND-EQ,1250
STARCEMENT-EQ,21091
AUBANK-EQ,21238
ROUTE-EQ,128
11NSETEST-EQ,12841
N1NSETEST-EQ,12848
NPBET-EQ,12978
PVRINOX-EQ,13147
MATRIMONY-EQ,21726
LANDMARK-EQ,13276
LIQUIDCASE-EQ,21750
SBILIFE-EQ,21808
BLKASHYAP-EQ,13290
NITCO-EQ,13300
SOLARINDS-EQ,13332
SUNDARMHLD-EQ,2183
RSYSTEMS-EQ,13414
EMAMILTD-EQ,13517
HFCL-EQ,21951
HIMATSEIDE-EQ,1360
ANANTRAJ-EQ,13620
JMFINANCIL-EQ,13637
NAUKRI-EQ,13751
MANOMAY-EQ,13753
SHIVAMAUTO-EQ,13756
SOBHA-EQ,13826
JINDRILL-EQ,13875
HIRECT-EQ,13890
LIQUID1-EQ,13950
WORTH-EQ,22277
HDFCNIFBAN-EQ,22433
NINSYS-EQ,14194
HDFCMID150-EQ,14236
TVSSRICHAK-EQ,14245
PENINLAND-EQ,2256
REDINGTON-EQ,14255
PFC-EQ,14299
GANESHHOUC-EQ,14339
GODREJAGRO-EQ,144
AMDIND-EQ,14398
GPTHEALTH-EQ,22846
BIRLANU-EQ,1455
GOLDSHARE-EQ,14535
SRHHYPOLTD-EQ,14582
WEBELSOLAR-EQ,14602
LANCORHOL-EQ,23027
ADVANIHOTR-EQ,14745
051NSETEST-EQ,14758
071NSETEST-EQ,14764
JGCHEM-EQ,23056
101NSETEST-EQ,14772
121NSETEST-EQ,14777
DECCANCE-EQ,14838
KDDL-EQ,14908
RGL-EQ,15129
KAUSHALYA-EQ,15136
171NSETEST-EQ,23446
SHALPAINTS-EQ,15342
RECLTD-EQ,15355
TITAGARH-EQ,15414
RKEC-EQ,1547
DPSCLTD-EQ,15419
GMMPFAUDLR-EQ,1570
IPCALAB-EQ,1633
BAJAJ-AUTO-EQ,16669
BAJAJFINSV-EQ,16675
RPGLIFE-EQ,16725
ARCHIDPLY-EQ,16795
MIDSMALL-EQ,23855
SANDHAR-EQ,2397
JAYSREETEA-EQ,1720
ALBERTDAVD-EQ,17256
SENCO-EQ,17271
BLS-EQ,17279
PREMEXPLN-EQ,17397
TOP100CASE-EQ,24081
SENSEXADD-EQ,17613
RAILTEL-EQ,2431
DEN-EQ,17722
SARDAEN-EQ,17758
QUAL30IETF-EQ,17808
BAYERCROP-EQ,17927
COHANCE-EQ,17945
SPAL-EQ,18252
GROWWEV-EQ,24798
LGBBROSLTD-EQ,18321
RBLBANK-EQ,18391
ADANIENT-EQ,25
CUPID-EQ,18520
MULTICAP-EQ,25080
JLHL-EQ,18553
DIAMINESQ-EQ,18644
OSWALAGRO-EQ,2514
STYLEBAAZA-EQ,25114
IDFNIFTYET-EQ,18783
UNIVASTU-EQ,18977
VASWANI-EQ,25340
JSWINFRA-EQ,19020
ITBEES-EQ,19084
NBIFIN-EQ,19111
WCIL-EQ,25403
MONIFTY500-EQ,19237
AHLEAST-EQ,19438
BBNPPGOLD-EQ,20547
INDIASHLTR-EQ,20556
JINDWORLD-EQ,20642
BHANDARI-EQ,19556
BSE-EQ,19585
ITETF-EQ,19633
CELLO-EQ,19795
SASTASUNDR-EQ,20063
PSB-EQ,21001
RAMKY-EQ,20134
MANGLMCEM-EQ,2106
AXISNIFTY-EQ,21252
MFSL-EQ,2142
AVADHSUGAR-EQ,21406
STEL-EQ,21484
SIS-EQ,21501
ABCAPITAL-EQ,21614
APEX-EQ,21623
BOSCHLTD-EQ,2181
CAPACITE-EQ,21749
NIFTYBETF-EQ,21959
BANKBETF-EQ,21986
ACC-EQ,22
MIRCELECTR-EQ,2202
EBBETF0431-EQ,22239
ITIETF-EQ,22365
EPACK-EQ,22463
BANDHANBNK-EQ,2263
MOTOGENFIN-EQ,2268
RPTECH-EQ,22670
ORICONENT-EQ,10159
SETFNIF50-EQ,10176
FEDERALBNK-EQ,1023
CONFIPET-EQ,10238
SYNGENE-EQ,10243
PPL-EQ,10297
UNITDSPR-EQ,10447
BESTAGRO-EQ,2306
UTINIFTETF-EQ,10511
PONNIERODE-EQ,10661
SCILAL-EQ,23127
SMCGLOBAL-EQ,2320
TIMESGTY-EQ,10717
INDIAMART-EQ,10726
SILVERADD-EQ,10761
CANBK-EQ,10794
SRM-EQ,23402
LIQUIDADD-EQ,23407
GRMOVER-EQ,10871
OMAXAUTO-EQ,10922
JUNIORBEES-EQ,10939
SANGINITA-EQ,11032
BANKIETF-EQ,11037
ASIANPAINT-EQ,236
HDFCVALUE-EQ,11260
TVTODAY-EQ,11275
FILATFASH-EQ,23647
BALAXI-EQ,11309
PTC-EQ,11355
TBOTEK-EQ,23740
BSLGOLDETF-EQ,23804
BIOCON-EQ,11373
KRITINUT-EQ,11432
LICNETFSEN-EQ,11441
CCL-EQ,11452
GULFPETRO-EQ,11581
JSWSTEEL-EQ,11723
63MOONS-EQ,11868
BOROSCI-EQ,24014
MID150CASE-EQ,24077
ESG-EQ,1200
RELAXO-EQ,24225
HNDFDS-EQ,12173
OMINFRAL-EQ,24231
ESTER-EQ,24265
VRAJ-EQ,24321
AAATECH-EQ,12533
FILATEX-EQ,24532
RUSHIL-EQ,24595
RUBFILA-EQ,24730
RPEL-EQ,24735
BSLNIFTY-EQ,24781
PREMIERENE-EQ,25049
GALAPREC-EQ,25134
APLLTD-EQ,25328
MANBA-EQ,25597
UYFINCORP-EQ,25626
HARRMALAYA-EQ,1313
BANKPSU-EQ,25725
ROHLTD-EQ,13182
JAGRAN-EQ,13211
GARUDA-EQ,25800
KELLTONTEC-EQ,13430
AKASH-EQ,13510
VOLTAMP-EQ,13577
WAAREEENER-EQ,25907
AMJLAND-EQ,2598
PEARLPOLY-EQ,2610
GEECEE-EQ,13658
BBL-EQ,13761
RUCHIRA-EQ,13821
SAGILITY-EQ,27052
NFL-EQ,13925
SWIGGY-EQ,27066
HBLENGINE-EQ,13966
RACLGEAR-EQ,27171
JASH-EQ,13982
ZEEMEDIA-EQ,14003
PRSMJOHNSN-EQ,2739
MOBIKWIK-EQ,28046
SEQUENT-EQ,14296
ANURAS-EQ,2829
ASTRAL-EQ,14418
GOKULAGRO-EQ,14480
NCLIND-EQ,14490
BALAMINES-EQ,14501
ABSLLIQUID-EQ,14518
ICRA-EQ,14523
KMSUGAR-EQ,14667
GUJAPOLLO-EQ,14677
021NSETEST-EQ,14751
VIPCLOTHNG-EQ,14843
PURVA-EQ,14922
CCCL-EQ,14992
MANGCHEFER-EQ,15007
RELIGARE-EQ,15068
INDIACEM-EQ,1515
INDIANHUME-EQ,1530
PDMJEPAPER-EQ,15377
RVHL-EQ,1565
INGERRAND-EQ,1597
PAVNAIND-EQ,16192
MMP-EQ,16395
DIGISPICE-EQ,16683
UBL-EQ,16713
IVP-EQ,1681
LOTUSEYE-EQ,16807
RICOAUTO-EQ,2909
AARTECH-EQ,17145
INDUSTOWER-EQ,29135
VINATIORGA-EQ,17364
MAHEPC-EQ,17603
MOLDTECH-EQ,17625
REPCOHOME-EQ,29598
BAFNAPH-EQ,17742
AJAXENGG-EQ,29624
VIVIDHA-EQ,29877
AONETOTAL-EQ,29975
BSE500IETF-EQ,3001
ORIENTCEM-EQ,30089
SOTL-EQ,3021
SDL26BEES-EQ,3022
JINDALSAW-EQ,3024
SILVERCASE-EQ,30274
SCI-EQ,3048
SPECTRUM-EQ,30455
DBSTOCKBRO-EQ,31107
NDL-EQ,31258
ANGELONE-EQ,324
LODHA-EQ,3220
STARPAPER-EQ,3291
BALMLAWRIE-EQ,338
TNPETRO-EQ,3509
TORNTPHARM-EQ,3518
VESUVIUS-EQ,3676
VIPIND-EQ,3703
VOLTAS-EQ,3718
CAPLIPOINT-EQ,3906
NATCOPHARM-EQ,3918
TNPL-EQ,3980
PANACEABIO-EQ,4055
ABAN-EQ,10
SOMATEX-EQ,4201
HDFCLIFE-EQ,467
SBCL-EQ,4656
MANORAMA-EQ,10227
LUPIN-EQ,10440
UTISENSETF-EQ,10515
HINDCON-EQ,4920
NAVKARCORP-EQ,10557
SHREEPUSHK-EQ,10588
LOYALTEX-EQ,10590
HDFCNIF100-EQ,10633
ZENSARTECH-EQ,1076
MNC-EQ,10676
RADAAN-EQ,10932
GARFIBRES-EQ,1100
DCMNVL-EQ,11039
NATHBIOGEN-EQ,11065
SUMIT-EQ,11140
IDFCFIRSTB-EQ,11184
MAHSEAMLES-EQ,2088
UCOBANK-EQ,11223
UPL-EQ,11287
STOVEKRAFT-EQ,2107
AFFLE-EQ,11343
SPANDANA-EQ,11435
LT-EQ,11483
ULTRACEMCO-EQ,11532
PPLPHARMA-EQ,11571
HDFCNIFTY-EQ,11591
WELENT-EQ,11626
SUPRAJIT-EQ,11689
GODFRYPHLP-EQ,1181
ALLDIGI-EQ,11798
COMSYN-EQ,21578
SEMAC-EQ,11961
SASKEN-EQ,11983
ACI-EQ,12024
CHOLAHLDNG-EQ,21740
ICICIGI-EQ,21770
BASML-EQ,12034
INDTERRAIN-EQ,21957
SWSOLAR-EQ,12489
REFEX-EQ,17764
TREL-EQ,17795
NDRAUTO-EQ,22255
ABBOTINDIA-EQ,17903
JUBLFOOD-EQ,18096
EMMBI-EQ,18142
MANINFRA-EQ,18226
RATNAVEER-EQ,18423
GNA-EQ,18571
MARATHON-EQ,18659
PARKHOTELS-EQ,22649
SJVN-EQ,18883
MON100-EQ,22739
MRF-EQ,2277
STYRENIX-EQ,19
AARVI-EQ,19073
UDS-EQ,19113
MUKKA-EQ,22980
HMVL-EQ,19211
LIQUIDETF-EQ,1927
SENSEXETF-EQ,19224
MOM50-EQ,19289
ITDC-EQ,19299
MURUDCERA-EQ,2313
PVSL-EQ,23142
MOREALTY-EQ,23184
HDFCGOLD-EQ,19543
MUFIN-EQ,19783
JWL-EQ,20224
INDGN-EQ,23693
GANDHAR-EQ,20303
FEDFINA-EQ,20322
ABSLPSE-EQ,23806
MBAPL-EQ,12686
KRISHANA-EQ,12847
SARVESHWAR-EQ,12913
UNIPARTS-EQ,13057
SILVER1-EQ,13082
NITINSPIN-EQ,13175
PIIND-EQ,24184
COMMOIETF-EQ,13198
M&MFIN-EQ,13285
CENTURYPLY-EQ,13305
ASHIANA-EQ,24403
HDFCBANK-EQ,1333
SDBL-EQ,1338
PIONEEREMB-EQ,13463
ALICON-EQ,13656
LTFOODS-EQ,13816
AARTIPHARM-EQ,13868
KUANTUM-EQ,13870
ONGC-EQ,2475
AKUMS-EQ,24715
AVTNPL-EQ,14008
VEEDOL-EQ,14019
OLAELEC-EQ,24777
UNIECOM-EQ,24809
SIYSIL-EQ,14096
NETWORK18-EQ,14111
HINDZINC-EQ,1424
INDIANB-EQ,14309
BODALCHEM-EQ,25017
RAYMONDLSL-EQ,25073
HLVLTD-EQ,1448
TOP10ADD-EQ,25171
SANOFICONR-EQ,25222
AKZOINDIA-EQ,1467
INDUSINDBK-EQ,5258
PDSL-EQ,5264
PRITIKAUTO-EQ,5292
NAVINFLUOR-EQ,14672
DLF-EQ,14732
BPL-EQ,530
NELCAST-EQ,14761
091NSETEST-EQ,14769
161NSETEST-EQ,14784
GOLD1-EQ,14858
USK-EQ,14871
RBA-EQ,1494
SAHYADRI-EQ,14900
GANESHBE-EQ,5614
PSUBNKBEES-EQ,15032
POWERGRID-EQ,14977
PARAS-EQ,5911
ASTERDM-EQ,1508
AVALON-EQ,15058
ADANIPORTS-EQ,15083
EDELWEISS-EQ,15119
MADHAV-EQ,15151
TARIL-EQ,15174
KIRLPNU-EQ,15180
INDIAGLYCO-EQ,1521
AMBIKCO-EQ,15234
TECHNOE-EQ,6445
FINOPB-EQ,6579
MANKIND-EQ,15380
ATAM-EQ,15404
NESCO-EQ,15409
SHALBY-EQ,714
HCG-EQ,15555
LATTEYS-EQ,15840
SHRIRAMPPS-EQ,7200
HINDWAREAP-EQ,15883
TATAINVEST-EQ,1621
IONEXCHANG-EQ,1630
DCMSRIND-EQ,7325
HPAL-EQ,7376
MONQ50-EQ,7422
NILASPACES-EQ,7411
ANDHRAPAP-EQ,166
ANIKINDS-EQ,16657
HGINFRA-EQ,1672
ITI-EQ,1675
ALMONDZ-EQ,16719
UNITEDPOLY-EQ,7560
KOKUYOCMLN-EQ,16827
LPDC-EQ,16863
20MICRONS-EQ,16921
ASHOKAMET-EQ,16943
ALKALI-EQ,16959
PATANJALI-EQ,17029
IDEAFORGE-EQ,17140
MIDCAPIETF-EQ,17152
SETFGOLD-EQ,17272
UTKARSHBNK-EQ,17358
GLOBUSSPR-EQ,17424
VIJIFIN-EQ,17691
SOMICONVEY-EQ,17794
TIJARIA-EQ,25482
REDTAPE-EQ,17859
NESTLEIND-EQ,17963
TRF-EQ,17987
HUHTAMAKI-EQ,2562
UNITEDTEA-EQ,17999
WHIRLPOOL-EQ,18011
JISLDVREQS-EQ,25684
DSSL-EQ,25690
DBREALTY-EQ,18124
GROWWDEFNC-EQ,25758
HDFCLIQUID-EQ,18279
HNGSNGBEES-EQ,18284
GROWWGOLD-EQ,25872
POWERINDIA-EQ,18457
ISFT-EQ,18479
PIDILITIND-EQ,2664
HEXATRADEX-EQ,27008
NUVAMA-EQ,18721
SPECIALITY-EQ,27107
NTPCGREEN-EQ,27176
KSL-EQ,18889
HEADSUP-EQ,19205
VALIANTLAB-EQ,19218
INNOVANA-EQ,27754
CRAFTSMAN-EQ,2854
HISARMETAL-EQ,19322
BOROLTD-EQ,19401
CARRARO-EQ,28879
KITEX-EQ,28899
MAYURUNIQ-EQ,28906
ROSSELLIND-EQ,28913
MASFIN-EQ,199
HONASA-EQ,19813
ASHAPURMIN-EQ,203
OBEROIRLTY-EQ,20242
SHANKARA-EQ,20321
RAMCOCEM-EQ,2043
SAKHTISUG-EQ,2969
SURYODAY-EQ,2970
CHENNPETRO-EQ,2049
HOMEFIRST-EQ,2056
PENIND-EQ,20621
JUSTDIAL-EQ,29962
RPPINFRA-EQ,20760
HUDCO-EQ,20825
KIRLOSENG-EQ,20936
ABFRL-EQ,30108
INNOVACAP-EQ,21062
BFINVEST-EQ,21113
ESSENTIA-EQ,30323
BAJAJHLDNG-EQ,305
BAJAJHIND-EQ,308
SHREECEM-EQ,3103
BARBEQUE-EQ,3127
SIEMENS-EQ,3150
DEEPINDS-EQ,3292
SUNDRMFAST-EQ,3345
SUPREMEIND-EQ,3363
SURYAROSNI-EQ,3375
TFCILTD-EQ,3466
VINDHYATEL-EQ,3694
VLSFINANCE-EQ,3715
SINTERCOM-EQ,381
ZODIACLOTH-EQ,3821
GLOBE-EQ,393
BHARATRAS-EQ,3834
GREENPLY-EQ,3987
CUBEXTUB-EQ,4064
SILINV-EQ,4105
BHARATGEAR-EQ,426
HDFCAMC-EQ,4244
PUNJABCHEM-EQ,4344
CDSL-EQ,21174
DYNPRO-EQ,21314
STEELXIND-EQ,21339
OSWALGREEN-EQ,471
SHYAMMETL-EQ,4693
MAGADSUGAR-EQ,21392
MOM100-EQ,21423
GAIL-EQ,4717
CONCOR-EQ,4749
HAPPSTMNDS-EQ,48
KCPSUGIND-EQ,4809
MEDIASSIST-EQ,21705
ICEMAKE-EQ,489
MADRASFERT-EQ,4911
IRCON-EQ,4986
CIGNITITEC-EQ,5142
SBIETFCON-EQ,5168
ASAHIINDIA-EQ,5378
NUVOCO-EQ,5426
BRITANNIA-EQ,547
YUKEN-EQ,5501
CYIENT-EQ,5748
TOTAL-EQ,22423
UTIBANKETF-EQ,22440
MASPTOP50-EQ,5782
NIFITETF-EQ,22488
NIF10GETF-EQ,22524
ATGL-EQ,6066
IGARASHI-EQ,634
HLEGLAS-EQ,2289
NIPPOBATRY-EQ,6782
HAL-EQ,2303
DICIND-EQ,703
ACCELYA-EQ,7053
MAHKTECH-EQ,7074
SABTNL-EQ,23365
GLOSTERLTD-EQ,23590
AFIL-EQ,24159
CONSUMBEES-EQ,2435
NKIND-EQ,2439
AGIIL-EQ,24445
SANSTAR-EQ,24582
AVANTEL-EQ,24610
NORTHARC-EQ,25426
MODEFENCE-EQ,24944
LTF-EQ,24948
EUREKAFORB-EQ,25162
BALAJEE-EQ,25203
XTGLOBAL-EQ,25235
BAJAJHFL-EQ,25270
PNGJL-EQ,25312
WIPL-EQ,20481
PRUDMOULI-EQ,20527
RUPA-EQ,25724
SRD-EQ,25737
JAMNAAUTO-EQ,20778
LEMONTREE-EQ,2606
KICL-EQ,21119
PRAJIND-EQ,2705
TEJASNET-EQ,21131
TBZ-EQ,27037
ACMESOLAR-EQ,27061
UTINEXT50-EQ,21478
KMEW-EQ,27084
NIVABUPA-EQ,27097
EIEL-EQ,27213
AKG-EQ,2176
DAVANGERE-EQ,21794
AUTOAXLES-EQ,278
ARVEE-EQ,2814
RALLIS-EQ,2816
RANASUG-EQ,2837
LXCHEM-EQ,2841
RANEHOLDIN-EQ,2844
HITECH-EQ,2868
CEWATER-EQ,28764
LOVABLE-EQ,22415
CARERATING-EQ,29113
RIIL-EQ,2912
PFS-EQ,22602
CAPITALSFB-EQ,22675
ONESOURCE-EQ,29224
ITCHOTELS-EQ,29251
ENTERO-EQ,22717
MTNL-EQ,2294
EXICOM-EQ,22947
JUBLCPL-EQ,29590
NCC-EQ,2319
UNIONGOLD-EQ,29687
NAZARA-EQ,2987
SANDESH-EQ,2988
MUTHOOTFIN-EQ,23650
GODIGIT-EQ,23799
ATULAUTO-EQ,30023
EQUAL200-EQ,30121
PRABHA-EQ,30134
LIQUIDSHRI-EQ,24374
OILIETF-EQ,24533
MAITHANALL-EQ,24538
SBIBPB-EQ,30290
OILCOUNTUB-EQ,2472
NIF100IETF-EQ,30392
THOMASCOTT-EQ,31017
ORIENTTECH-EQ,24961
WINDMACHIN-EQ,24969
SRF-EQ,3273
TATAPOWER-EQ,3426
TOLINS-EQ,25262
PAISALO-EQ,25468
SHAKTIPUMP-EQ,25574
LICMFGOLD-EQ,25640
DIFFNKG-EQ,25672
KANANIIND-EQ,25786
VINCOFE-EQ,25835
AFFORDABLE-EQ,25855
MINDACORP-EQ,25897
PGEL-EQ,25358
PANAMAPET-EQ,25392
KRN-EQ,25643
LLOYDSENT-EQ,25807
HYUNDAI-EQ,25844
TIRUMALCHM-EQ,3496
TITAN-EQ,3506
VAL30IETF-EQ,25851
3PLAND-EQ,2595
UCAL-EQ,3570
SOLARA-EQ,3672
PFIZER-EQ,2643
AFCONS-EQ,25977
WEIZMANIND-EQ,3748
RITES-EQ,3761
PRECOT-EQ,2711
KPEL-EQ,27079
SOMANYCERA-EQ,3880
HATSUN-EQ,3892
BLACKBUCK-EQ,27144
21STCENMGM-EQ,4
BEML-EQ,395
NAVA-EQ,4014
EIMCOELECO-EQ,4040
SAMPANN-EQ,27303
RAJSREESUG-EQ,2809
VMM-EQ,27969
RAYMOND-EQ,2859
RCF-EQ,2866
TRANSRAILL-EQ,28714
3MINDIA-EQ,474
CONSUMER-EQ,28969
DDEVPLSTIK-EQ,29098
GRINFRA-EQ,5054
LAXMIDENTL-EQ,29171
AGARWALEYE-EQ,29452
BOMDYEING-EQ,513
MCLOUD-EQ,29482
NIBE-EQ,29487
FMCGIETF-EQ,5306
UGROCAP-EQ,5313
KALYANKJIL-EQ,2955
NIF100BEES-EQ,29577
NATCAPSUQ-EQ,29583
HEXT-EQ,29666
ASTRAZEN-EQ,5610
LIKHITHA-EQ,578
SANGHIIND-EQ,2997
GRAPHITE-EQ,592
AXISBANK-EQ,5900
KOHINOOR-EQ,3009
AXISTECETF-EQ,3010
PASUPTAC-EQ,6045
BHAGCHEM-EQ,6164
HEALTHY-EQ,6297
LAMBODHARA-EQ,6407
GREENLAM-EQ,6848
SHREDIGCEM-EQ,3099
COMPUSOFT-EQ,31138
MENONBE-EQ,6961
BSOFT-EQ,6994
BORORENEW-EQ,3149
RHIM-EQ,31163
HESTERBIO-EQ,7048
STARHEALTH-EQ,7083
SPMLINFRA-EQ,3321
AGARIND-EQ,3389
CAMS-EQ,342
AJOONI-EQ,3403
TATAMOTORS-EQ,3456
EVIETF-EQ,755881
BASF-EQ,368
ANMOL-EQ,3727
VENKEYS-EQ,3757
AEGISLOG-EQ,40
TOKYOPLAST-EQ,3837
CORALFINAC-EQ,4007
GROWWMOM50-EQ,756086
DENORA-EQ,4279
IFGLEXPOR-EQ,436
BHEL-EQ,438
SENSEXIETF-EQ,4378
GUJRAFFIA-EQ,4548
ABLBL-EQ,756843
BANKINDIA-EQ,4745
DODLA-EQ,4822
BLUEDART-EQ,495
GMDCLTD-EQ,5204
MAHAPEXLTD-EQ,5239
ROLEXRINGS-EQ,5279
THELEELA-EQ,757014
RAJOOENG-EQ,757049
EPIGRAL-EQ,5382
AAVAS-EQ,5385
CARTRADE-EQ,5407
SERVOTECH-EQ,5507
JAIPURKURT-EQ,5516
COASTCORP-EQ,6006
CENTENKA-EQ,619
ABSLAMC-EQ,6018
GOODLUCK-EQ,6125
BLUSPRING-EQ,757520
3IINFOLTD-EQ,6232
MEDICAMEQ-EQ,6278
EQUAL50ADD-EQ,6606
POLICYBZR-EQ,6656
IVC-EQ,6711
GROWWLOVOL-EQ,758300
MOLDTKPAC-EQ,6713
SAPPHIRE-EQ,6718
JINDALSTEL-EQ,6733
STEELCAS-EQ,6803
ANANDRATHI-EQ,7145
BBETF0432-EQ,7196
SETFNN50-EQ,7353
AUTOBEES-EQ,7880
LFIC-EQ,7902
NRBBEARING-EQ,7553
MIDCAP-EQ,8077
SILVERBEES-EQ,8080
DCMSHRIRAM-EQ,811
BLBLIMITED-EQ,8132
SAGARDEEP-EQ,8175
GROWWSLVR-EQ,756827
MID150BEES-EQ,8506
GMRP&UI-EQ,8529
MOINFRA-EQ,757031
MSUMI-EQ,8596
IOLCP-EQ,20413
AXISGOLD-EQ,20532
DRREDDY-EQ,881
VTL-EQ,2073
GAEL-EQ,8828
INOXINDIA-EQ,20607
SCHAND-EQ,20698
UFO-EQ,9039
MOIL-EQ,20830
STARTECK-EQ,9305
HAPPYFORGE-EQ,20854
RBZJEWEL-EQ,20874
MEDICO-EQ,9667
HIKAL-EQ,9668
KPITTECH-EQ,9683
TRIDENT-EQ,9685
MARALOVER-EQ,2112
ASHOKLEY-EQ,212
PALASHSECU-EQ,21383
TATSILV-EQ,21428
BDL-EQ,2144
MOREPENLAB-EQ,2259
VSTL-EQ,22730
PLATIND-EQ,22930
GOPAL-EQ,23066
MOSMALL250-EQ,23181
SINCLAIR-EQ,23480
MOPSE-EQ,757431
SHREERAMA-EQ,7627
MALLCOM-EQ,7965
MAKEINDIA-EQ,7979
GRWRHITECH-EQ,7982
NILKAMAL-EQ,2421
IXIGO-EQ,24067
RETAIL-EQ,24145
RPSGVENT-EQ,8119
SOFTTECH-EQ,8266
ASTRON-EQ,874
OBCL-EQ,8797
CHOICEIN-EQ,8866
GSEC10ABSL-EQ,24847
SURAJLTD-EQ,24966
E2E-EQ,8937
UTISXN50-EQ,9168
ECOSMOBLTY-EQ,25060
ESABINDIA-EQ,955
GOLDTECH-EQ,9874
TRITURBINE-EQ,25584
POLYMED-EQ,25718
METAL-EQ,25744
VIKASECO-EQ,25756
HERANBA-EQ,2614
ATUL-EQ,263
SEAMECLTD-EQ,2616
CINELINE-EQ,27161
RTNINDIA-EQ,27297
EASEMYTRIP-EQ,2792
RSWM-EQ,2794
MAMATA-EQ,28687
VENTIVE-EQ,28847
VMART-EQ,29284
ORIENTELEC-EQ,2972
MSCIINDIA-EQ,29758
NIFTY100EW-EQ,29944
SAURASHCEM-EQ,3018
SBIN-EQ,3045
SHANTIGEAR-EQ,3078
TRANSWORLD-EQ,3129
HONDAPOWER-EQ,3138
BAJFINANCE-EQ,317
JTEKTINDIA-EQ,3237
ISGEC-EQ,3329
BALRAMCHIN-EQ,341
SUPERSPIN-EQ,3357
SMLISUZU-EQ,3387
TATACHEM-EQ,3405
HONAUT-EQ,3417
BATAINDIA-EQ,371
UNICHEMLAB-EQ,3579
UNIVCABLES-EQ,3607
BERGEPAINT-EQ,404
ARIHANTCAP-EQ,3813
MARICO-EQ,4067
SANGAMIND-EQ,4184
JAGSNPHARM-EQ,4410
ELECTHERM-EQ,4469
SONACOMS-EQ,4684
CLEAN-EQ,5049
ETERNAL-EQ,5097
TATVA-EQ,5162
UTIAMC-EQ,527
STYLAMIND-EQ,5186
MOL-EQ,5394
CHEMPLASTS-EQ,5449
ACUTAAS-EQ,5578
AXISCETF-EQ,5732
SIKKO-EQ,6218
DTIL-EQ,6227
IT-EQ,2627
AVL-EQ,25984
PCBL-EQ,2649
CHEMCON-EQ,270
POLYPLEX-EQ,2687
LIQUIDPLUS-EQ,27075
SWANENERGY-EQ,27095
JUBLINGREA-EQ,2783
IGIL-EQ,28378
DUCON-EQ,28952
MOHITIND-EQ,29423
MOSCHIP-EQ,29459
GROWWRAIL-EQ,29527
NIFTYIETF-EQ,29553
BAJAJINDEF-EQ,29678
WONDERLA-EQ,3002
SELECTIPO-EQ,30109
SESHAPAPER-EQ,3066
SIMPLEXINF-EQ,3162
SREEL-EQ,31837
SUBROS-EQ,3324
SUDARSCHEM-EQ,3327
SUNFLAG-EQ,3348
TAINWALCHM-EQ,3396
ADOR-EQ,34
TATAELXSI-EQ,3411
TATACONSUM-EQ,3432
TATASTEEL-EQ,3499
AXISHCETF-EQ,3608
BEL-EQ,383
MAHLOG-EQ,385
BEPL-EQ,419
ZENITHEXPO-EQ,4176
MOTHERSON-EQ,4204
BHARATFORG-EQ,422
STERTOOLS-EQ,4299
CREDITACC-EQ,4421
JCHAC-EQ,4491
NEXT50IETF-EQ,4529
RAMCOIND-EQ,4587
KOTHARIPET-EQ,4594
HERITGFOOD-EQ,4598
INDNIPPON-EQ,4747
SNOWMAN-EQ,4843
SHEMAROO-EQ,5068
ICICIB22-EQ,522
SGIL-EQ,5114
JAICORPLTD-EQ,5143
TRIGYN-EQ,5428
GRSE-EQ,5475
KOTHARIPRO-EQ,5528
VIJAYA-EQ,5585
J&KBANK-EQ,5633
SANSERA-EQ,5751
MONTECARLO-EQ,5938
BSLSENETFG-EQ,5957
AIROLAM-EQ,6068
GULPOLY-EQ,6286
SIGACHI-EQ,6663
LATENTVIEW-EQ,6818
SMLT-EQ,6843
VISHNU-EQ,6908
TARSONS-EQ,6943
SHIVALIK-EQ,7016
HEUBACHIND-EQ,715
TEGA-EQ,7105
METROBRAND-EQ,7242
MEDPLUS-EQ,7254
ABSLNN50ET-EQ,7339
SBIETFIT-EQ,740
WOCKPHARMA-EQ,7506
ENRIN-EQ,756871
MON50EQUAL-EQ,756900
BELRISE-EQ,757102
MONEXT50-EQ,757167
AEGISVOPAK-EQ,757336
CHAMBLFERT-EQ,637
NIFTYETF-EQ,6353
CCHHL-EQ,6385
TECH-EQ,6462
AARTIIND-EQ,7
GOCOLORS-EQ,6964
JMA-EQ,7109
JETFREIGHT-EQ,7211
SBIETFQLTY-EQ,7218
HCLTECH-EQ,7229
STAR-EQ,7374
SUPRIYA-EQ,7390
COSMOFIRST-EQ,742
ALPHA-EQ,7412
NIFTY50ADD-EQ,7451
WAAREERTL-EQ,756038
MOMGF-EQ,757099
DOLLAR-EQ,20560
MOTISONS-EQ,20788
MAHSCOOTER-EQ,2085
PSPPROJECT-EQ,20877
MUFTI-EQ,20878
SUNCLAY-EQ,20956
SURANASOL-EQ,21077
TATAGOLD-EQ,21401
SMSLIFE-EQ,21551
TEXRAIL-EQ,21828
IEX-EQ,220
DHUNINV-EQ,22233
MODTHREAD-EQ,2241
MAXIND-EQ,22428
HDFCPSUBK-EQ,22595
HEIDELBERG-EQ,2316
NELCO-EQ,2388
AWFIS-EQ,23864
LIQUIDBETF-EQ,23915
DEEDEV-EQ,24154
SYMPHONY-EQ,24190
ABDL-EQ,24308
SBINEQWETF-EQ,24524
CEIGALL-EQ,24742
METALIETF-EQ,24861
INVENTURE-EQ,24870
ORIENTHOT-EQ,2493
BCLIND-EQ,2513
TDPOWERSYS-EQ,25178
EBANKNIFTY-EQ,25258
PGHH-EQ,2535
MOMENTUM50-EQ,25606
APLAPOLLO-EQ,25780
PRAKASH-EQ,2708
MTARTECH-EQ,2709
PRECWIRE-EQ,2717
SURAKSHA-EQ,27334
SANATHAN-EQ,28805
RELIANCE-EQ,2885
TVSHLTD-EQ,29008
PCJEWELLER-EQ,29124
SUPREME-EQ,29439
SAIL-EQ,2963
GUJTHEM-EQ,29731
GROWWN200-EQ,29872
GOLD360-EQ,30105
AXISVALUE-EQ,30155
VEDL-EQ,3063
NBCC-EQ,31415
SKFINDIA-EQ,3186
BALKRISIND-EQ,335
NITIRAJ-EQ,3247
SPIC-EQ,3252
BANARISUG-EQ,350
MAFANG-EQ,3507
AXISBPSETF-EQ,3530
BORANA-EQ,757919
PROSTARM-EQ,758173
TATACOMM-EQ,3721
WHEELS-EQ,3766
ZEEL-EQ,3812
ZUARIIND-EQ,3827
WEL-EQ,7835
VARROC-EQ,3857
SHIVATEX-EQ,804
KHADIM-EQ,425
DCW-EQ,817
AJANTPHARM-EQ,8124
AARTIDRUGS-EQ,4481
ALKYLAMINE-EQ,4487
DEEPAKFERT-EQ,827
MPHASIS-EQ,4503
BANKBARODA-EQ,4668
KIMS-EQ,4847
INDSWFTLAB-EQ,4870
MIDCAPETF-EQ,8413
SAREGAMA-EQ,4892
SHARDACROP-EQ,4992
GATEWAY-EQ,8510
KPIGREEN-EQ,5108
ANTGRAPHIC-EQ,5194
KRSNAA-EQ,5359
EQUITASBNK-EQ,913
CARBORUNIV-EQ,595
INTELLECT-EQ,5926
SOUTHBANK-EQ,5948
TAJGVK-EQ,9354
MSTCLTD-EQ,9356
PNCINFRA-EQ,9385
FCL-EQ,6198
CESC-EQ,628
SPLPETRO-EQ,9617
KHANDSE-EQ,9641
RELCHEMQ-EQ,9652
DNAMEDIA-EQ,641
NATIONALUM-EQ,6364
EMUDHRA-EQ,9756
IRIS-EQ,6489
HAVELLS-EQ,9819
LAXMICOT-EQ,6568
GENUSPAPER-EQ,6600
CHOLAFIN-EQ,685
AXITA-EQ,9902
GANECOS-EQ,6944
MICEL-EQ,7169
RATEGAIN-EQ,7177
JTLIND-EQ,7287
COROMANDEL-EQ,739
SETFNIFBK-EQ,7361
MANAKCOAT-EQ,7413
MIDQ50ADD-EQ,7456
ZENTEC-EQ,7508
CIFL-EQ,756015
OSWALPUMPS-EQ,756802
PRIMO-EQ,756925
AZAD-EQ,20905
MASTEK-EQ,2124
SUMMITSEC-EQ,21275
SALASAR-EQ,21362
THEINVEST-EQ,21427
COCHINSHIP-EQ,21508
DIAMONDYD-EQ,21840
ALPL30IETF-EQ,22344
MAXHEALTH-EQ,22377
NOVAAGRI-EQ,22477
NIF5GETF-EQ,22521
HEALTHADD-EQ,22592
JSFB-EQ,22663
JUNIPER-EQ,22824
MRPL-EQ,2283
MUNJALSHOW-EQ,2307
CPSEETF-EQ,2328
JAYNECOIND-EQ,2331
JNKINDIA-EQ,23621
AADHARHFC-EQ,23729
NEULANDLAB-EQ,2406
KRONOX-EQ,24025
PEL-EQ,2412
BANSALWIRE-EQ,24386
EMCURE-EQ,24398
DHANUKA-EQ,24409
EVINDIA-EQ,24461
MIDHANI-EQ,2463
FIRSTCRY-EQ,24814
MANCREDIT-EQ,24823
SSDL-EQ,24856
NIRAJ-EQ,255
INDOUS-EQ,25503
DIVOPPBEES-EQ,2636
EMULTIMQ-EQ,25996
MASTERTR-EQ,27047
GICRE-EQ,277
SAILIFE-EQ,27839
ANUHPHR-EQ,28314
PROZONER-EQ,28859
ECAPINSURE-EQ,29019
QUADFUTURE-EQ,29087
RUBYMILLS-EQ,2939
NEXT30ADD-EQ,29464
PROTEAN-EQ,29472
SAMMAANCAP-EQ,30125
MID150-EQ,30469
AONELIQUID-EQ,30472
MCX-EQ,31181
JPOLYINVST-EQ,31507
THERMAX-EQ,3475
THOMASCOOK-EQ,3481
NAM-INDIA-EQ,357
HEALTHIETF-EQ,3626
VSTIND-EQ,3724
BBTC-EQ,380
FINEORG-EQ,3744
NIACL-EQ,399
GOCLCORP-EQ,3963
REMSONSIND-EQ,3965
JAYAGROGN-EQ,4041
SUNDRMBRAK-EQ,4179
GULFOILLUB-EQ,4391
5PAISA-EQ,445
INDRAMEDCO-EQ,4751
LIQUIDIETF-EQ,4838
ENGINERSIN-EQ,4907
IPL-EQ,4934
ADROITINFO-EQ,4953
MAZDOCK-EQ,509
BFSI-EQ,5220
BPCL-EQ,526
ALIVUS-EQ,5265
WINDLAS-EQ,5366
DEVYANI-EQ,5373
NGIL-EQ,5401
INTLCONV-EQ,5606
ITDCEM-EQ,5622
LAGNAM-EQ,5865
SCODATUBES-EQ,757478
DIGITIDE-EQ,757515
EIFFL-EQ,6040
LICNETFGSC-EQ,6062
ABREL-EQ,625
HDBFS-EQ,757772
GROWWNET-EQ,757814
MOMIDMTM-EQ,757817
CONSUMIETF-EQ,6446
GRPLTD-EQ,6543
EXIDEIND-EQ,676
BAJAJHCARE-EQ,6863
CIPLA-EQ,694
DMCC-EQ,6973
BCONCEPTS-EQ,7780
BIL-EQ,7848
HEMIPROP-EQ,701
MAPMYINDIA-EQ,7227
GEPIL-EQ,7862
RAJESHEXPO-EQ,7401
MANAKALUCO-EQ,7420
HAVISHA-EQ,7457
MANAKSTEEL-EQ,7463
TREJHARA-EQ,7518
NPST-EQ,756324
SAMBHV-EQ,757767
NETF-EQ,7838
AUTOIETF-EQ,7844
MHLXMIRU-EQ,7886
DCM-EQ,805
KTKBANK-EQ,8054
DALBHARAT-EQ,8075
VRLLOG-EQ,8696
BLUESTARCO-EQ,8311
PRIVISCL-EQ,8825
AVROIND-EQ,8827
INDOAMIN-EQ,9116
MITCON-EQ,8469
INDOBORAX-EQ,8614
ESCORTS-EQ,958
TNIDETF-EQ,8882
VENUSPIPES-EQ,9592
VERANDA-EQ,8890
AIRAN-EQ,9897
TIPSMUSIC-EQ,9117
TPLPLASTEH-EQ,9219
CAMPUS-EQ,9362
RVNL-EQ,9552
DELHIVERY-EQ,9599
NEOGEN-EQ,9917
SNXT30BEES-EQ,757455
ATHERENERG-EQ,757645
SILVERIETF-EQ,7942
MAHLIFE-EQ,8050
AWL-EQ,8110
SPENCERS-EQ,8163
BANKA-EQ,822
PRITI-EQ,8304
GSEC5IETF-EQ,8342
XELPMOC-EQ,8477
DHAMPURSUG-EQ,857
AKSHOPTFBR-EQ,8591
EICHERMOT-EQ,910
ELDEHSG-EQ,8953
HARIOMPIPE-EQ,8968
UMIYA-MRO-EQ,8998
EIHOTEL-EQ,919
NILAINFRA-EQ,9253
ORCHPHARMA-EQ,926
RAINBOW-EQ,9408
SKIPPER-EQ,9428
POLYCAB-EQ,9590
VIKASLIFE-EQ,9931
EUROTEXIND-EQ,999
MOTOUR-EQ,757443
ARISINFRA-EQ,757614
CGPOWER-EQ,760
CMSINFO-EQ,7603
AVANTIFEED-EQ,7936
BSHSL-EQ,809
CROWN-EQ,8083
DEVIT-EQ,8146
MEGASTAR-EQ,8153
MOMOMENTUM-EQ,8182
VETO-EQ,8652
USHAMART-EQ,8840
AGROPHOS-EQ,9046
ROTO-EQ,9049
PIXTRANS-EQ,9087
EIDPARRY-EQ,916
DPABHUSHAN-EQ,936
STLTECH-EQ,9309
PRUDENT-EQ,9553
SMARTLINK-EQ,9889
ALANKIT-EQ,9921
PICCADIL-EQ,757754
KALPATARU-EQ,758558
INTERNET-EQ,758595
MONARCH-EQ,7679
DALMIASUG-EQ,781
INOXWIND-EQ,7852
ALEMBICLTD-EQ,79
ZYDUSLIFE-EQ,7929
SILVER-EQ,8003
MANYAVAR-EQ,8167
TVSMOTOR-EQ,8479
CHALET-EQ,8546
MUKTAARTS-EQ,8687
SHAILY-EQ,8727
PNBGILTS-EQ,8736
RITCO-EQ,8944
ANUP-EQ,9014
ELECTCAST-EQ,928
PGHL-EQ,940
LICI-EQ,9480
MAHESHWARI-EQ,9576
ETHOSLTD-EQ,9750
EPL-EQ,981
WEWIN-EQ,9862
CHEVIOT-EQ,9879
TOP15IETF-EQ,757781
ELLEN-EQ,758563
IMAGICAA-EQ,7672
DABUR-EQ,772
FIBERWEB-EQ,8159
NLCINDIA-EQ,8585
LOWVOL1-EQ,8632
MOLOWVOL-EQ,8654
SONAMLTD-EQ,8806
ARVINDFASN-EQ,9111
ELGIEQUIP-EQ,937
KRITIKA-EQ,9288
IOB-EQ,9348
SILVERTUC-EQ,9422
METROPOLIS-EQ,9581
PARADEEP-EQ,9741
AETHER-EQ,9810
NV20BEES-EQ,9847
NEXTMEDIA-EQ,9867
